attendance_rate,study_hours_weekly,participation_rate,assignment_avg_score,midterm_score,sleep_hours_avg,extracurricular_hours_weekly,parental_involvement,internet_access,final_exam_score
95.94191518470949,20.11664205073332,62.80760548901135,67.40693964137954,71.43807083226679,7.640176851942531,7.76023971609258,Medium,Yes,73.52276390526457
84.29834288541353,16.915047062515082,63.15818758788718,77.17275291325299,53.117898050745524,5.103333999641693,1.6043349810872245,Medium,Yes,62.065979192724775
72.77872191108054,7.925761253041185,75.02587043626177,82.237136219386,67.19533461787023,6.522964584167417,6.06449915160189,Low,Yes,63.95426524125114
90.00917187624381,24.080698459452787,71.28839509439996,65.45331518470941,61.643016809402255,7.805498177372868,12.769386289852818,Low,Yes,70.53932753049058
75.95683374895592,8.282295400265934,53.03667347011127,62.384281060327865,58.15917870684701,7.067993401558739,2.7902798405406526,Medium,Yes,58.58690669380898
84.75874912889996,22.905585213647758,83.35371251254763,49.96226809954698,45.5633606630191,7.146766253386126,12.144627091419782,High,Yes,62.868137491100974
96.67782061659807,9.732104479460634,98.06447763057673,79.16051973125904,84.14060732193767,6.992845038850999,7.589588093836937,High,Yes,84.1271678877402
68.3847993773104,4.389363806622891,56.10428305027692,97.29242812245279,97.55681503183179,6.30099392807611,7.840169295441864,High,Yes,84.11349211737111
90.95157025436913,18.178156526140384,81.6840475526817,64.151180523168,63.83317870810818,5.761929450057546,5.969244017114522,,Yes,69.85537895396743
88.61395605508415,14.718476526724896,84.48096226886756,59.768034041439606,67.55768661201245,5.7852918104420095,8.30580538048969,Medium,Yes,67.14563020510312
75.0164595926121,15.651358234659138,94.38938373043095,79.55721163249075,68.10239556338978,8.933294634066105,0.0,High,No,66.61649101970931
90.04046515517844,30.61009868508237,59.26360016333872,68.27270835783229,70.75666523578565,5.870265050089357,3.5235082070002735,High,No,71.1763416238817
100.0,14.84087244450564,73.86628810214125,50.06625816172564,62.1604865078629,8.58317772391403,9.076126621769102,High,No,65.45184100586899
58.49030191606988,20.043720159027316,78.28449906519285,73.29424155671344,62.74427068308191,5.123684723418786,7.54299987272678,Medium,Yes,64.24855845006971
78.46670767426288,10.38016061364815,50.04529561391515,66.20212563468004,88.30371936580401,5.329455605971391,8.569204940044704,Low,Yes,65.6566736142577
73.74510952701624,14.532976817923188,69.90218027155812,79.74983737315108,70.70114375443882,7.311790005239691,14.786584219915817,Medium,Yes,70.22698611616424
86.66452208213056,15.959138351984402,73.25163345643944,94.30537026881248,97.67746464486126,8.065196343486763,15.764886889887656,Medium,Yes,85.4137135049737
69.43370826476097,17.458911941571074,73.73962893462593,73.31549929313596,77.09448475626178,6.788152887788355,5.002521499310075,Medium,Yes,75.24049912466475
93.1286211883896,16.60435388443142,79.75675138804209,61.15979387284849,52.965307862521314,8.035587434496389,4.612913692933152,High,Yes,69.5874263765538
80.79354677234642,2.0,56.46922668463735,85.26666790824855,71.89829710756963,7.802022054202546,6.922443395064858,Medium,No,64.54535687726201
85.28744822934817,22.03874782551985,61.452506076418615,95.02883430991596,76.24614850168106,7.017639141220753,7.689739891605759,High,Yes,83.97229766820055
86.94089992898307,12.167456533817235,89.43807672794522,74.28701782473007,84.92836537249312,5.881146298134153,5.873925946687583,High,Yes,80.31726174491261
91.51391251305797,20.36954626166665,63.218645007503795,93.2788634605471,66.7018367057824,7.679181122062957,0.7816422247981096,High,Yes,82.64538895202026
86.86454314769428,11.678470549752031,55.690908709050326,59.940927983972486,58.48562669920231,8.643091806270274,6.210105472861265,High,Yes,63.92346161231691
79.89983601145254,8.941615771740375,36.29665999023092,88.75729044480873,83.71099556459795,5.108673631342751,11.312664215829331,Medium,Yes,73.90420682367605
91.62130674521046,14.085180981716736,59.83653021496517,75.36037774996899,57.63343022934616,7.990865212696104,6.743350515611012,Low,Yes,65.07405934736974
83.2305277250595,8.365771989084386,60.44038379456808,58.317336898158445,91.59073953051595,6.437350681421332,7.636259753336228,High,Yes,71.74072851371102
83.48214904964416,3.98276776138022,81.75085763923893,71.0385588724026,65.15065871730566,5.739723947591799,1.8392051561781075,Medium,Yes,67.97929756848885
86.32969674146877,8.563541845561161,67.07954055824978,70.8428819279172,75.46393434760216,7.972948521420131,7.72941085680136,Medium,No,72.60523840938616
81.40707909212941,17.54436626678454,90.82506667312671,73.0545122942417,87.23336526372893,6.198978181520852,13.222297730747261,Medium,Yes,81.91200217982585
83.8767195030917,11.516859301171664,83.03734096583909,77.10344134720708,68.1722456165081,4.8392099229288075,1.1689624298265908,High,Yes,71.67818991182348
84.60444846143345,13.08567638600029,78.596917198618,73.0279775293753,75.9814321861821,10.0,12.156569383242601,High,Yes,73.2152029503014
87.96120277064576,15.471811141896543,80.05720925861819,87.50069596870621,87.20539615448692,8.266984589745368,1.426644035664557,Medium,Yes,82.79673722064166
72.99703592944223,11.104334729603957,94.25818862452937,72.92637915124243,71.30057408127053,8.366468358887666,3.580372944287301,Medium,Yes,69.95417244158556
96.08703580582907,14.913286374730326,75.74483477111393,85.19534386219456,85.99641821065357,6.779066153278135,5.612959587252442,High,Yes,88.36910781611004
85.87047068238171,5.660508608041493,79.23656724656712,84.3018659284174,75.38013953833652,7.249544946704927,0.8865894847907025,Low,Yes,71.44411159749534
81.0666118767264,12.99708306146394,63.63645499902935,73.43927647735656,61.22985044338006,4.17326649901446,6.220011744133498,Medium,Yes,69.3263416781995
100.0,25.497460459121637,69.98937108135031,80.4147038318221,65.02975307316495,7.274797619542948,3.3610054349841367,High,Yes,81.39740173217622
92.74634053429337,14.665385534053764,72.98422220194742,92.23602486847174,75.68752229254481,9.627108276683378,4.674590803648603,Medium,Yes,77.3747484394498
73.08696502797352,20.890592921949565,89.22465692505654,90.94368993897878,77.16231410231077,6.979025021180158,6.369507166559697,Low,No,75.62417335787464
95.1437006501813,25.263680235491552,82.80963964828335,58.82343465671799,68.19135207894973,7.318720544434661,1.8883049399570444,Medium,Yes,74.404314774915
82.30593165555442,20.162840930158474,69.64671773688643,81.26700763221334,79.15374782749531,7.328468943590757,0.0736769137945279,High,Yes,81.83371921320871
76.02745628514168,22.3125711101839,68.92601122212899,56.451242559711204,47.97894697839926,6.894063635515693,0.5673003140896258,High,Yes,64.510625269017
88.42725346377703,2.185954716127828,83.98287346390578,73.88466952063695,69.76228335297685,7.052236277577279,6.378110270353874,Medium,Yes,67.63355850983518
98.05478807154329,15.062115719060284,79.98886378081693,70.66244679967217,65.3706280188133,6.411972785247104,10.405320659558202,High,Yes,72.83305732003554
88.57015485965047,15.49097615128539,57.54333390165152,60.515740225713415,74.42709970663853,8.787293360262163,1.2363339761050929,,Yes,68.24432035586187
63.76104275690193,27.94384927959302,75.15681822324828,77.55088836758658,67.61713468779496,6.109476395030432,3.939316403631929,Medium,Yes,71.73118374820825
94.5042383818605,15.1920248943946,83.3529761668718,85.33963349397533,81.19610814793657,5.603153842402889,9.370055585820017,High,No,76.13863686064565
62.88864690992115,14.7861511062151,53.320494613387545,78.44347025162051,72.69506320029697,4.851193693039212,10.624026677804508,Medium,Yes,63.61424192013123
96.88393273448084,10.164779601022868,67.19006472390438,72.64463218334475,80.52950276859336,7.5855497649088655,0.0,Medium,Yes,81.06589808472017
64.32557899960123,16.08612935222224,50.616059573415725,76.69179239534472,79.20311439496285,6.179264096457663,0.4666368921135584,Medium,Yes,71.54168200870737
67.89831607343375,13.442719934496496,62.41379943607095,95.43807131901644,91.98659768722604,9.266586117369833,10.345522844823352,High,Yes,77.44279322556596
94.75545127122359,12.776314007483364,72.90384867051317,70.25183145892484,66.8061623211211,6.691331949213177,8.392396620189865,Medium,Yes,75.87686719713213
94.35678393147461,20.98986538888776,71.43016299161962,89.30048996528478,91.12470823202739,7.631686770152147,3.3881993766716767,Low,Yes,85.03993566117198
85.24510174258943,13.962323640459463,67.66152733095,74.07067847128808,54.4272580035489,5.709304159740925,4.964244813686438,High,Yes,66.92306674720241
68.93553679742428,25.36178310740043,99.88773029752177,70.66427325639252,61.01345169521317,7.299327484542511,2.4558390120864915,Medium,Yes,72.11766664195245
79.00607354555977,12.072531551125785,55.642736276574354,89.28658313212316,84.26250641751312,6.456273446095347,0.24635533282176336,Medium,Yes,76.97172105098491
95.30999522495951,11.69816907692748,49.811936147901775,95.8192389100417,76.87651403994062,5.740103035037149,7.364863369968133,Medium,Yes,78.01651680477104
70.75251813786544,27.853622151671182,50.367694013213324,88.84680881106897,90.02866281573435,5.280726285366827,4.899514286979813,High,Yes,86.07289110118597
78.98293387770603,13.45574077545993,82.10683894955966,45.140071759044126,60.220285350200655,5.716637044763445,0.0,Low,Yes,57.637909721418815
100.0,20.789109798584747,36.42653150012542,78.62040010682082,84.97210222007897,4.315597678679364,6.747960838898657,High,Yes,80.89421058085337
73.16741487334225,16.844440186854605,78.469088888404,80.59854373740153,58.60739647152474,6.376740291557784,3.4853190118765585,Low,Yes,67.29167316566861
80.36582307187538,22.904364393805956,45.88660203446538,73.87636573512995,71.93976454135965,9.117986169169239,5.765118291581485,,No,61.70526794236568
85.13929291912946,16.010765857617685,53.6209914940703,75.08614160289531,69.40733256916548,8.41232950420322,0.9228355790275833,Low,Yes,70.32904865680523
86.96554776511574,20.381035895193193,65.18135850823133,76.17204452098002,65.28094701741121,6.1898140417582175,0.0,Medium,Yes,69.05079648871742
87.03463635867223,12.602182886312386,58.500151183249784,74.22979006453417,77.49474287591819,7.2441393998090815,4.6696824806005,Medium,Yes,79.42052059434545
99.41568620657901,12.257422460482369,65.37275817316271,62.071487076182905,57.47336412077946,6.962855438644842,5.290032464902867,Medium,Yes,65.75321827012205
73.57029702169376,23.184842579843064,77.3180842730661,80.24775824446753,81.88522483331936,8.310806651403267,4.567022488369968,High,Yes,84.60401022763283
100.0,11.6928857020288,84.52276990799291,67.47223864858437,53.70548015960183,7.8398487814791755,1.1593579880764597,Low,Yes,63.895411599293475
72.19695601329106,16.848303237024613,84.94855765869171,79.54983742471349,81.55751033194122,5.614945973547219,4.284077130510321,Low,Yes,68.38038034292394
86.74577812831839,8.679506620958064,79.57587888412574,81.8686837341081,90.87391247215548,7.255295065959782,2.5569727931927213,Medium,Yes,82.63647645918556
80.14636452170896,9.987917680441456,100.0,66.17635847181657,69.56803697379677,6.583319248021389,4.937757949925835,Medium,Yes,67.84446251023168
69.76813095216225,9.48369245048146,73.78360594640016,70.96335665506636,64.66200858064433,6.1671250039255945,0.713776853955796,Medium,Yes,70.17099345677832
87.7669079933002,10.476212466799943,57.472856475549655,62.9733957728793,62.3275924820286,7.859619823548312,7.3499282989055965,Low,Yes,61.22903782548991
92.43264094022715,18.69220490407832,92.22495103693899,53.56349441574376,54.45880283836148,6.475394043008176,0.0,High,No,63.6114231301499
79.6913122707968,24.69349694128939,38.18949771047401,77.10643475494318,87.71364818057472,8.870947129779681,5.822906720621405,Medium,Yes,82.02978739394635
63.01194043379918,14.364309874175186,84.3295083735663,84.13015985173773,90.114854083248,4.423147120799873,5.961342314746611,Medium,No,77.68371514113349
96.79440120721287,12.808070692127348,68.74843045314459,98.6705061214777,97.46599292934627,5.506731802720702,2.388764292148801,Medium,Yes,85.39658491654822
86.96861235869123,,43.46386142666323,72.52066464364744,63.87560982479914,7.65980182771068,9.269224814953304,,Yes,68.77293780051457
77.32202434895872,16.722744991210945,65.89010377256044,57.924300896859926,66.74439847483063,8.184664203465477,6.436331881399328,Medium,Yes,64.23016243521369
94.7255444962673,16.167644731423458,46.7707255170438,65.88356259023655,66.31230619014583,6.196689995736449,1.3272886885991992,Medium,Yes,67.99696750702817
99.75356216949552,4.188117374519882,79.25508924365046,70.90910547184704,70.11130851280936,7.650547029152704,1.8480345800430804,High,No,72.51275881936398
84.27989878419666,7.231911145674566,33.41774262585356,96.0591968597669,89.13472087476056,7.237675038639332,2.6572439799198553,Medium,Yes,79.33979257077495
78.99783122841205,17.35990703636623,52.76808947262016,76.61155796697352,63.96221166702831,5.684676269161724,5.2658873113713875,High,Yes,67.97256268471604
95.03532897892023,21.964960724271116,67.98581256720544,75.22081956940126,75.62701643238212,9.129093967679413,10.388880766425753,Medium,Yes,78.31320653586117
81.92221765046999,25.39508999691055,61.96997369475665,58.01679369690975,55.4292291992248,7.806882518967359,0.0,Medium,No,64.09692035236333
84.44452301103381,19.409266716298905,45.90134348891981,78.51258578570224,79.9602403811304,7.127954949973723,8.11135739966235,High,Yes,84.17288034673524
87.56029734313876,8.677905485121876,64.97293328242823,69.50581936581013,60.745255639121424,7.895216111708131,9.246822286453062,Low,Yes,65.78539480414452
93.9959987543325,20.514458897926612,76.27597331333025,95.11671632649843,76.03080774678195,7.295488241930599,2.283454637960967,High,Yes,83.07662108957624
77.09525544554688,15.679622463226586,80.56759809737085,58.52568658222724,56.43161673164224,6.815537928675847,0.0,Medium,Yes,60.84379153437978
84.92027358683383,11.68885112464532,69.79243380858644,71.07579218868274,73.7072643859583,6.706770076196193,6.432056483918004,Medium,No,69.13253917650046
95.65480375065351,,41.08491130981585,60.791633301329284,59.75906867796516,6.881714951435757,3.8255724156277897,Medium,Yes,64.72603068857737
88.94452142378297,23.95613141375713,74.91731759264628,73.64246336981111,66.17326678106961,7.164940312975218,8.741160338843871,Low,Yes,75.01132509402659
91.45375949585147,8.731144835873799,47.03338746166417,53.68785895141917,48.5755977406328,6.986884806289513,3.7976517319971737,Medium,Yes,54.48387220772571
96.95046628924842,27.44449601849984,71.3762872667256,71.84808575620599,74.76759940003394,5.097147485830805,0.0,Medium,Yes,80.08114471062092
93.2541634898803,23.341245294103878,73.45106138787104,100.0,94.94705653775033,6.23388578276339,1.041647949899887,Medium,Yes,88.18514665544305
82.7653721467415,9.062231180577974,36.8220713300574,65.63761045059044,61.15874160019642,8.448517071173807,5.755609967976527,High,Yes,67.89688438974426
85.75804558193727,13.719342774418752,47.231893799787855,94.07806773816822,93.40198039739585,7.507404726833134,4.226946140728389,Medium,Yes,83.82414143429558
79.70239796232961,13.445747125075782,63.2012738646548,51.586777631536506,67.50629970233024,7.301422170978393,7.0570190544293565,Medium,Yes,61.595069771770035
73.0379337591933,4.561717327331403,68.45167370601256,68.64801465061954,71.23882030342241,5.5907223440381175,15.551870822098929,High,Yes,60.10052495141859
84.65315112613219,11.325375752157372,66.34924030937474,63.35850887544427,45.23778729618594,7.421170876893724,7.543880370275503,Low,Yes,57.363582163611795
87.35614558108566,5.309209104566943,91.96265858128656,65.01654099006659,53.74195756534693,6.39822834200668,3.5660243850751927,Medium,Yes,64.38319922931925
92.58969220493267,22.486452436042402,73.98817344478073,96.38158690525272,93.05047506579396,7.805145424061127,0.0,High,Yes,95.16269400465426
86.29221181975228,34.158645407069166,80.02510733077122,83.81565054551196,75.57445824197775,4.135740484732922,5.993143385323744,Low,Yes,81.6121934840804
75.92436337958402,3.8007802975616407,66.17566309669454,54.028361882060864,48.46389032981834,7.510523766292706,4.775944182570365,Medium,Yes,56.30708914743257
82.91877749642725,17.331471627185785,96.08349495696368,92.02237614177645,89.50174703157792,9.088481059866128,5.034277741100028,High,Yes,84.51601878005995
86.83342005738352,21.23942812437646,50.10928470876942,63.4255464610777,84.81857905203319,4.500681054959084,6.258023891450287,Medium,Yes,70.82876203838094
90.07274031107298,15.038533618865626,38.04150280289199,81.99085582570567,65.20075441277203,8.058591716123383,20.0,High,Yes,75.0848929364689
70.69224897881952,21.802620581202387,74.05086037587134,90.48773353107056,97.86896892301122,6.4893109862246225,9.305613269322098,High,Yes,89.921738477543
69.74474829075261,17.26260236341312,71.27814174450852,81.45155883539856,69.61837954504931,6.478648136797384,0.0,High,No,76.32110186345705
93.33922154548904,13.14474553770082,58.45005900703814,78.79629985843374,82.46699966466578,7.071634236169825,9.905725508792273,Medium,Yes,76.29905808657615
98.68631557532349,3.201860463743989,77.71382134026753,87.76729185073027,70.10925478283374,7.9870705653451,8.038756924898625,High,Yes,78.73676479821778
88.26133022242118,8.998012052366551,86.22650091509243,68.13904749652727,72.79890793672092,6.72012001186882,9.988237425814566,Medium,Yes,76.61096894483701
82.18899707114045,21.420901429898564,71.16220777778294,75.34149097419791,72.24939337335402,7.405763181108469,4.8085327801725555,Medium,Yes,79.97352680166537
82.97807347566106,,83.31483138810754,74.9962359286587,67.85155436890491,6.025510996428281,6.115102256323994,Medium,Yes,66.37453120287694
94.15402117702074,21.181700724191053,62.37789703529034,74.32093813320125,80.62050541667644,7.179592710619403,4.758436034489738,High,Yes,84.97276639936321
75.21627222384969,12.904099223290816,95.27521418062764,65.06164472441719,65.04434976581085,7.251649045020465,2.464524419437083,Medium,Yes,69.9665439864236
100.0,23.241951270977747,63.22510785760566,51.372922291007,58.91076016079311,5.949274094343302,0.0,Medium,Yes,65.81759790213962
82.82318796772779,14.849838247529137,65.18998561664212,60.81751049495038,63.015845321621335,6.873107980075575,5.259609402315125,High,Yes,69.98767464728306
95.0629280921444,7.980498985738272,51.31423935330423,74.41164790994355,69.89949101960423,5.7210825130032,3.9335432049595687,High,Yes,68.50583838810971
77.16746707663764,22.136822933547844,71.5278444289298,86.41859724688851,79.93381358759981,7.77540905760193,10.359619836363322,Medium,Yes,76.76578151410551
90.69767280232205,21.336340854396312,87.03430220774416,88.40200530635946,81.36617442920516,6.665219636364006,16.667620889280037,Low,Yes,77.60721518150501
90.72582781356158,10.530584131161305,67.67111426762877,79.32777469722954,67.04878630775559,5.79566315232387,7.595055057699257,High,Yes,70.39099189180347
79.60240319690638,17.203723880408045,58.86273651192424,60.6036296596163,78.34924074456025,7.363031308897988,1.8206547443877152,Medium,Yes,69.91767354807193
84.404746439382,15.45603234847447,76.06442132442547,75.5520329670393,70.01848071954481,6.265176694176017,9.092959946663036,Low,Yes,64.30898808176553
82.96954613957007,16.810751398916796,61.52838993743587,92.59849031134323,84.24503618792484,7.762773693778161,2.728432631445978,Low,Yes,75.66360448240044
82.5461188399713,18.568526049991718,66.48970211339528,73.84051595982132,81.55212623093429,6.280655003267195,5.35218073223469,High,Yes,80.95386684284189
89.29618219132585,3.7489651821255325,78.92544198753347,82.0339896047134,74.76774712043832,5.249347159725527,5.645823141667949,Medium,Yes,72.59894750193698
79.86133082663306,22.429698428601814,58.24351501620406,70.34760100309727,74.05076649984792,7.583958229374196,0.0,High,Yes,81.19219263792596
72.69135683566044,19.207036453865392,47.9871210137134,71.78830690921448,70.29411342639165,6.409152870133626,9.823210980449923,High,No,69.03314995155947
92.12998430172388,22.126076330769383,74.74233935774167,64.79357665503548,72.00919300885313,5.407154648052299,6.5732252200000145,Medium,Yes,73.91474783331286
82.45022782579144,9.004186606230535,82.72261319000002,83.77656303089991,72.22692592032611,8.032707879829509,0.9859759505129535,High,Yes,73.10388051179294
89.71415556386404,13.499720912406284,66.54213062229624,82.0961909011008,86.95546459548675,6.578317176629932,4.829258164098892,Low,Yes,75.6714310747981
85.99332305429226,8.85487905402477,66.55300554137209,90.35422403712191,86.7313742184466,5.712525256703713,0.0,High,Yes,83.5520718543383
94.35678393147461,20.98986538888776,71.43016299161962,89.30048996528478,91.12470823202739,7.631686770152147,3.3881993766716767,Low,Yes,85.03993566117198
72.88983800237543,14.114384482207988,56.21970232770858,60.13136756968029,53.3072192853556,7.452595558705805,11.0213991211539,High,Yes,69.11787536428395
94.31280119116198,10.97025979237169,57.71113210417754,64.71873487407849,67.36673212510945,5.8541638230899675,12.001098436003952,Medium,Yes,64.765397481976
92.91031947043047,21.6331555977479,100.0,69.19726219384155,62.36162008195436,5.543281552920419,5.542110512804548,Medium,Yes,72.2856640849939
91.38592458777374,15.845317481467223,77.10448115217181,92.96918019815551,86.75857954403413,8.750472401191827,8.31571459428494,High,Yes,86.87497404733777
86.10922589709867,17.617942018044193,72.75774317130542,70.33775069780388,66.05405021103651,5.718585601893125,6.466314048049855,Medium,Yes,71.87622805424195
84.64173960890048,15.460931346361532,71.32986386442155,77.42794555707363,58.823713925459785,7.931431254250322,6.739882300292625,Medium,Yes,73.47602308278282
70.21478009632573,13.964236200355082,57.66370101426699,83.57531748763941,87.82707095089425,8.193670577871972,6.438286320311432,Medium,No,79.34271703473671
89.04981710960955,5.664626122778236,83.82475167886689,52.705182583220555,56.318450278199755,7.708667378932783,10.026426164130513,Medium,Yes,61.001383922723754
80.49934528520757,20.9762861148349,95.10178135447805,80.23170467400055,74.91044898796875,6.178152024264818,8.085797596238116,High,Yes,80.37223525070203
100.0,9.802950910712994,57.441063534254496,69.4447258556969,63.31663846391774,6.006773921242952,7.904961413550664,Low,Yes,58.7523765511763
70.91538703636441,21.65819905173734,85.35564319160471,64.95695155444464,71.24965132450681,6.475369282515654,0.40127398106925494,Medium,Yes,73.71070336350715
80.53566385449471,13.991137088491262,71.47101309308417,86.39513485637386,93.98773529932885,7.975068504331071,13.003703767708574,Medium,Yes,88.94991199847874
85.58208718446,16.34348480438797,60.37769636433536,70.53217136474493,39.29619655838387,6.1842788382492255,4.804719643883184,Medium,Yes,57.641353777939635
90.29804177915283,24.96755528728722,66.74474424363444,85.55300449364884,61.67624245260922,8.668738503775206,0.0,,Yes,77.79011188959477
74.97470635362191,2.0,73.91875796850785,73.01242307618841,78.26742360024147,8.27389266723219,5.058904360110244,Medium,Yes,66.85126023161564
100.0,17.91900986295721,95.11738650021306,78.09571177465418,63.90020696754778,7.452363648266394,11.224288815486517,High,Yes,79.98737490864245
91.96206364813418,30.537381852111682,83.53415760679971,69.82649316509881,66.58472189701449,8.326368027214734,6.802794777155513,Medium,Yes,74.94964654303556
91.0789650971654,10.273297488550567,67.36654081751176,73.95077605467382,82.39211614614695,8.157420841658567,1.6463550573086172,Low,Yes,74.43874910578616
91.33919022318011,24.834700832664403,80.96146178599787,77.27375785465297,62.29703385317927,9.681871249806989,9.877477209632218,High,Yes,77.6360265969375
88.38496407494414,16.20341518338566,75.58158208910294,100.0,92.09470083647773,9.480322109173159,4.848375692528319,High,Yes,83.6714586331657
87.43339449322691,14.691637658469082,45.5429013442729,59.65163116536256,66.10116827666684,5.406292624260427,8.810133255735423,,Yes,67.55519785170779
84.00824136220618,12.940846347015537,67.14245341003283,46.316347590366746,45.139724303558566,5.346679382102107,9.841220672346672,Medium,No,48.7912280757456
92.46253566027221,8.239395186541168,53.04895991439463,58.11821988602954,49.147829660372835,4.0,4.568038262346657,Medium,Yes,58.521014311887164
91.29628841923612,,47.45379547360273,88.64777450837676,74.1282076847116,7.534559774862553,3.6568291062052394,High,No,79.85770912616184
80.2082576215471,19.630192263890066,82.76346943251959,78.80943913500211,82.66560978873858,6.833773385423098,6.197312663179375,Medium,Yes,80.19599176708664
92.91662693962935,14.135474665670307,64.19350446288398,67.92874017852833,76.55544889828575,7.461362807698471,8.47613178635413,Medium,Yes,76.50427852233425
100.0,17.98019533941913,63.16690710964194,93.336376312654,63.42292490720499,6.244723034735239,9.412661225652768,High,Yes,78.06310752723257
75.77834675822375,23.249258514889107,79.29567168949204,66.37068658260976,75.83425553289608,7.075695775913063,6.2337979228226,Medium,Yes,74.12117988669335
75.60120213672644,18.51818411253056,66.48388299525517,65.34040222976927,66.73715110493062,9.321803151671741,4.154931798006771,Medium,Yes,61.3114343548717
82.18215391139493,15.113097737669086,64.50239469447922,80.77089711298675,66.03339476081271,8.834558884422096,4.256942012117523,High,No,68.39325456434445
100.0,18.477799039281454,56.38365729779619,79.89663416204107,73.44148537576197,6.988665079248165,7.0290136844460065,Medium,No,80.48616889647414
80.55706739923889,15.124762246052448,88.00118434640292,79.03373955631474,79.54141843192903,7.3360732703600275,0.0,Medium,Yes,82.70333779889798
60.283554998727105,11.386727637829317,100.0,91.51795740023445,87.76468907958153,6.761710827012184,6.32976706653937,Low,Yes,78.12343038582617
90.5979044793104,15.49463851760702,62.69195618207609,80.57243836255888,100.0,7.034301198406222,8.737801910545711,Medium,Yes,81.9627406836295
86.17327383308782,9.609192109253776,100.0,87.7364515784776,65.43679475998593,8.49853477559177,9.9138312226662,Medium,Yes,73.59185800443274
88.24166352488442,11.342926787044302,61.62547369080954,88.46229427476565,83.46854264828846,6.967553544234046,9.829219290374125,Low,Yes,83.04794753890884
79.24362173762226,24.839787176228356,79.44294376332716,78.86498772920382,62.50550543650391,7.235316710013063,9.27895886903238,Medium,Yes,74.0975527318722
100.0,24.252659715407255,51.152396585811154,81.13799490434234,85.36362123546519,7.717034902818045,1.8956766232175024,Medium,No,79.88012799918799
72.5221681803515,6.517713018570118,87.88761268716962,98.294609237565,93.74182850963842,6.217673968007906,6.558614758261403,Medium,Yes,75.82511252272015
65.81228784700959,13.85590559541992,61.838289968287114,61.058593873051635,74.2013171525568,6.6232224702141105,10.163816695191159,Medium,Yes,70.83264311866205
91.15935606944264,6.924121918519509,67.98254823397401,87.6884196645387,86.65087300183502,5.943410917571683,7.8657251496492675,Medium,No,75.46763506545999
100.0,18.729431339136305,74.86085542332341,70.05335105970636,86.5187164330028,7.791460766222244,0.0,High,Yes,86.2517467239675
85.48084946661382,24.259461169633134,79.10275889823507,99.81487605796262,97.50901675690805,7.215652049252343,5.834651180763319,Medium,Yes,93.63486664381979
97.66911149186623,,83.3033108514595,64.42717996006449,56.73840445104489,6.705025185734476,11.559056535785423,Medium,No,69.39556068518553
75.73069528421917,18.349961475130335,76.55107827600264,72.14267476425535,80.47619310418119,8.703048877235076,11.66564716680117,Low,Yes,67.74883863264523
74.87895624739832,12.991348007360756,95.49936061864571,80.05855300243874,69.24868056977756,6.260881683097693,2.958545435135478,High,No,71.35862421545687
81.37161439560342,11.09998451505924,48.922152297946376,77.19001236719056,73.89201899796667,8.636293138513622,8.228550473613927,Medium,Yes,71.15551801440529
67.41260513576886,13.339120200666477,64.98884153530089,88.21587549282914,76.92283693691121,5.071236460665444,4.133703715188894,Medium,Yes,74.88898385019495
68.0753537028518,17.90839690376685,74.44863317711143,82.15729365098103,62.06073208891914,6.31141187240141,0.0,Low,Yes,61.93439035653137
76.60278157819224,19.067555228035616,55.54361610684084,100.0,91.5712791899094,6.496301821333472,14.23124470839105,High,No,87.31020657999066
92.17542255795962,11.501535368586369,67.38468613145746,73.82501704268515,66.06193446657335,6.785823742634368,0.6421209001689752,Medium,Yes,69.89035399498485
95.29155637325644,19.7996514116523,99.80591667549162,84.51810825862412,82.07214942443173,6.511100907495277,8.459778556125512,Low,Yes,79.86832697864726
81.77938483794324,7.634353109178045,93.23530227242782,62.7460505092764,67.30181063881466,8.07472943348454,3.715264103663254,High,No,64.81844238450127
82.11341361079862,17.35082403241528,72.15082701013377,49.45519086702225,51.37795185482587,6.114062600474321,0.0,Medium,Yes,61.48205302934753
87.59722501721483,12.066903469282355,100.0,53.01981303352768,56.58280110650027,6.984898769571706,6.078398466310513,Medium,Yes,65.34012195338069
66.32734807408252,16.858924261362166,60.286872915472614,84.08994179204983,87.31070301225188,7.216140437543152,5.870892423589528,Medium,Yes,79.9698088536284
89.93317900880889,14.175308912233849,72.9253747604219,76.24125755169727,58.39630383440164,7.884505408032955,7.384469315190891,Medium,No,61.599711612083894
82.30125064706628,18.714925566031187,60.89949557852055,63.31945394367558,61.54817519741739,7.691326236770703,3.982807936749507,Medium,Yes,65.16764975250472
80.79015519179737,13.373258393744587,83.86405209306744,59.409403638650105,68.14062084555744,8.130138145906903,11.608037303676488,Low,No,65.48828765184365
89.01711722098942,,86.69032562484888,58.734629962652534,73.06904748211156,6.086936003025927,8.732849616004275,Low,Yes,64.19579159757707
66.9511789933548,21.532491718225117,77.24031830813819,60.913440427092326,74.08233898456402,6.466039515966529,7.132212649034615,Medium,Yes,70.11358184801594
90.15047686306048,6.584368369201838,65.30412954215268,85.80478306074076,71.49482949124054,5.968958272836629,5.7469041604123365,Medium,No,65.77912453124333
73.75357908162131,18.33738005640396,93.06897877618829,70.16308813121964,68.50340497832998,6.5717088139121005,5.606760610182496,Low,Yes,72.72008740877418
94.7511973341775,15.89200474321267,83.35574745279679,91.79513574174952,88.98697784082681,6.273911022483862,5.541762290109921,Medium,Yes,84.64360544349752
90.70890510693167,7.53682058765229,51.243883990454236,89.20192400267914,79.87794001815047,7.328603898311516,9.935409374424587,Low,Yes,76.85860785602608
88.10907565598005,7.979321843643843,85.89904576069932,68.76724353808648,47.77486544810117,7.936525026947891,17.119854496894224,Medium,Yes,63.328506452429785
85.91760776535503,24.004558743805866,67.908305864785,77.80829345223778,70.58233603355485,7.601326217818226,0.6537259987403203,Medium,No,76.64783682029902
82.08306250206724,8.863244608809566,62.62545721551929,75.41329214047009,80.81058908451026,7.217410799115185,3.6515389175194097,High,Yes,78.88907084544569
86.13517345251248,15.801245428693694,44.11289906814105,64.6595631569249,86.19367353194687,6.430702480153974,6.453824160226209,Medium,Yes,75.7636228504957
87.48220586300336,19.158633643578867,60.614840687556814,59.47790849755085,73.56566540679587,6.331242323438655,6.414152615796701,Low,Yes,69.38689007727311
75.24126747022667,11.075545901235458,63.012916463227555,90.03411161312981,80.66471283606963,8.869166829601681,4.941816405181111,High,No,75.77064977150445
86.77701000933254,6.562095217968997,83.11775611198783,73.19615447673753,74.02814671716811,5.720951626535664,10.807726678158172,Medium,Yes,66.80685583005094
78.77300480179406,2.082656442285103,91.33554792547761,71.54353351293508,76.1365357853677,8.292502199622684,4.739672288364306,Medium,Yes,68.42217719420647
89.12780926936499,29.638514438035635,54.77358712258197,53.978054318979375,65.72282269472372,8.368346699313417,3.5529614419816604,Medium,Yes,73.06644851354089
100.0,9.280028350447726,67.23211963516226,65.50920741998937,63.31968441856875,7.464700245284833,0.0,Medium,Yes,67.76266163152107
84.66873027126204,22.86185247671765,69.53411600693647,66.12754311049156,60.20921874797085,8.725278391208441,0.6109843296746034,High,Yes,65.10003350251704
88.0780176889206,18.078634789056498,99.31236150625429,86.94697816802436,90.93445672358374,6.679351844424973,8.273093508611137,High,Yes,86.57082065814292
98.56240028570824,8.281980632243137,61.25862013582627,78.85911853607087,68.87258022640168,6.95414800336234,4.9082667190979485,High,Yes,79.52529325187743
98.07142754282428,23.254240879869716,70.76331552784028,49.473270955782056,71.01488699175684,7.843696679869613,5.816284685039357,High,Yes,70.14972297320655
89.6210347426327,15.850301481839429,53.712623066722216,91.26531361326595,82.87291234227082,8.140030452628837,6.338107935137298,Medium,Yes,80.7742731288086
87.3421473253652,17.16902115123661,65.5024270558768,70.22930681409935,70.09030723516364,6.695966727247005,1.2934202243997879,Low,Yes,68.45265246976524
85.59218434014488,13.227591539165823,82.81787840599924,79.36968355265594,97.10806526069058,6.233040414138955,13.267022518300418,High,Yes,79.74858603487269
82.79030400466777,18.531470426523658,83.30936255900113,58.95929473348883,49.70734814600361,7.174506264868509,9.236451162925515,Medium,Yes,61.610849414607365
97.4608519249763,13.566407404981835,59.54842272355638,87.35348977918028,87.67050436152849,10.0,6.96350702880163,Medium,Yes,84.90788075206103
83.69856945632316,13.878172182087324,53.497686505424575,100.0,86.63447410121827,7.848345532842835,5.5756374586343185,Medium,Yes,82.39783732915456
83.85460154747382,22.202483447666552,73.10900994098417,100.0,100.0,4.928685386891939,9.52026385182937,Medium,Yes,92.61628730815002
97.77664895788425,15.169086944214769,79.10084588704274,81.38407438586331,70.66860227476538,7.045159061844259,2.7578854807134947,High,Yes,78.18738277520134
79.0842861116417,80.0,67.25205071919419,79.3399327349642,82.8575079395734,6.178005390798728,9.427902147931144,Medium,Yes,73.1201327321252
80.79813182904142,14.40847120629443,84.2717391558713,89.18269311551954,91.66297134133737,7.392707319806112,5.308617300743556,High,Yes,83.52332437752281
78.22838288487888,23.94435682109971,64.64456198790086,81.88885465072802,79.31643811537728,8.631973207112551,4.8456995313835955,High,Yes,81.38543656095058
67.36959844637266,23.28054812488471,72.32786025788468,89.36696308374273,86.48994465867314,6.975985245223867,2.555801311337698,High,Yes,84.57368841563871
99.533844771177,17.651643897416456,95.56158274383236,89.06061497659391,84.75483296768303,5.190636647456106,3.6100845679023865,High,Yes,85.04269396550555
91.47688538100692,15.357782219521045,58.11370118500058,70.03673359894027,69.20588223970266,5.045228192843982,2.2317592657030203,Medium,Yes,67.34902794071955
88.71145873371309,19.596481670308144,85.32074943144097,61.661037005837386,67.26822675736233,6.6096517141566205,7.564837308949576,Medium,No,68.4375448391484
93.5765962320202,18.24877636922873,80.25353984800716,80.13980030850286,73.60714176942159,7.401084126961188,0.5849813011609655,Medium,Yes,79.84437811530948
87.49383683710755,18.828306608644542,59.0356558642679,87.11366146315163,89.25071730986382,8.709142867631233,3.2538449873849244,High,Yes,77.25707197911048
88.52055396514297,22.57152900428395,81.66111029146766,64.9886182795845,78.02336104339159,7.230462333566726,10.684670530824587,Medium,No,69.67564566973448
70.51915658502676,2.0,62.81743815987394,71.58738420472189,69.63746191786096,6.870237234296774,4.270819283570679,Medium,Yes,61.22979295257143
73.75357908162131,18.33738005640396,93.06897877618829,70.16308813121964,68.50340497832998,6.5717088139121005,5.606760610182496,Low,Yes,72.72008740877418
80.54497478599228,16.011928031800366,69.21393324133795,66.95861759454921,66.24455009496623,6.483726258321635,8.997130227517806,Low,Yes,67.19974903214593
80.84712086099199,21.891824096572293,75.83738793501894,90.97606874386084,73.8379076158829,8.427667866302688,6.9801546572616235,High,Yes,80.59768954127185
74.422890710441,18.883175638216446,77.5820523874994,63.21247158894384,35.85794351740642,7.846121948659743,2.4370045457909457,Low,No,53.90390530249449
100.0,4.988495556734463,55.39680700443297,67.10101905199382,52.808442778469214,8.705206032908807,4.300674609897446,Medium,Yes,58.791344729479896
87.16458589581976,6.781182122525532,81.85938398744153,50.69030552266348,69.03894322296792,7.807389186552855,4.545706820339884,High,Yes,62.839450602933475
75.50601111168056,18.067215597149882,68.89078651587411,66.69299604880925,61.33753052572324,6.965057674837703,0.0,Medium,No,62.6878820281552
87.14093744130204,11.391794136292718,100.0,100.0,100.0,7.867226516210749,3.3048395773620944,Medium,Yes,84.08149450217876
79.23228669431667,14.503915884943805,68.1181860999565,80.2172407746827,74.3728897842339,8.634637665704052,6.5817088696230375,Low,Yes,74.43253867538985
100.0,11.118379333766557,65.38057705541439,97.65225188808228,93.08287978009164,6.803891769958275,3.808016725035449,Medium,Yes,84.69520113388997
71.22330632042909,15.293160421954227,55.65345434772987,63.57220343113444,65.60589557653351,10.0,1.351736718974868,High,Yes,65.92845098874257
79.23108130476851,2.0,70.82401166499773,73.07567902746203,78.81540506962851,8.342954364643404,1.9069871064976622,Medium,Yes,72.16527487572266
84.67246729784002,2.2688706059484325,78.95842327380078,79.48018271653677,69.98036422283583,7.20883521770828,9.456993538794546,Low,Yes,62.01564518120304
82.79035826170336,11.151110428662287,53.046944129891145,98.08134953789944,90.58291386384266,7.721929246041478,5.910255792077706,Medium,Yes,84.90489267917349
84.25554084233833,26.484188123200717,79.04781146623515,52.56220392561403,59.111963669278296,7.297299051480989,3.093032380471923,Medium,Yes,70.17992647112592
93.6960592010566,11.124214925252788,60.46956416761556,99.59774514943112,100.0,6.943349798934434,9.650481290161762,Medium,Yes,93.95479634083036
82.00992649534132,12.431309034204524,88.05826655753225,81.6364810302283,57.070968113709704,8.444590678389892,2.418288156299833,Medium,No,69.42878162342828
76.91506397106812,17.29161271338932,61.74194725762625,72.76985097368703,84.05057065960716,8.347554002509616,5.619553409196936,Medium,No,69.0118055985029
68.72457562116837,26.307517835607655,76.30141735677762,72.62474725218382,56.958637571970655,8.542358800985054,4.642755251447364,High,Yes,72.92524745687888
99.77894044741517,13.070189692695704,48.34217775799687,51.395163556954174,72.76336122359359,7.301360143667937,10.885179782740593,Medium,Yes,65.49644088421894
69.80630034045987,22.36601395483975,51.214098333803214,79.41143808251653,77.92648691565755,6.21878112407384,4.454710098211298,Medium,No,67.64752688984794
96.49273326285676,13.523625071220309,73.79747857056972,77.70913827734105,64.45211157614082,7.328649554448161,0.0,,Yes,73.42719800696378
95.58424486849587,13.672478258485368,86.86530039805754,80.33037992748807,77.25611237082373,6.2745596405408515,11.411202139586901,Medium,No,73.71002666354805
87.7902152577034,11.743957201595869,97.72913249944617,73.89786282798053,73.84246965429296,6.127781888976864,0.8560011739340254,Medium,Yes,71.49846144927723
90.70598668593159,9.243364579659122,65.29705470741403,94.54999637881134,100.0,6.462553459570686,9.22818566642675,Medium,Yes,81.32444917393317
92.57507710047305,17.36802917893789,70.56906753171403,76.58313560126348,77.78500244327844,7.49930122522205,4.068064295708637,High,No,77.63123669821131
82.54256935914056,8.62563883111872,53.655504439864174,65.26798963645386,72.06083957574842,8.11260734350097,2.0867682007100083,Low,Yes,65.44926604919128
5.0,17.3609123125305,73.19940561059408,58.9742211708013,67.20762755803422,5.670921457107847,9.348617945325538,High,Yes,68.52650691239081
91.22849932347499,10.459229468583235,90.10691577685522,44.61304697736378,59.69795392300378,7.207527787421302,11.347876294223841,Low,Yes,54.46505502660824
79.69498852389472,7.824701627788894,80.24993489216604,69.54542737507867,69.75624290596399,6.8079921029891475,8.12273249204019,Medium,No,63.48959851893547
87.6105527217989,3.010795892807355,53.92214150439767,82.00253163614265,71.50282458067095,5.853898676572935,6.349895014722957,Medium,Yes,69.28578265437525
79.41078152728412,2.0,68.25656435317063,86.52365755537764,76.08113192348573,8.00686720513366,6.084370991402349,Medium,Yes,69.2313304761698
76.72769056447677,16.100159518674936,76.12979217221006,63.243345303398314,71.07254531714572,6.87018563919625,0.0032751921692071306,Medium,Yes,68.77468984947853
79.82388700963828,11.626991840530188,55.95240437815606,86.40018994403574,67.07941224958567,5.258639263421596,8.204068240905197,High,Yes,64.11934131653175
100.0,14.332643631907798,43.32118623990225,64.46012307384314,68.03105672759025,8.510528140778911,6.293346979112547,High,Yes,72.70744049121146
82.51035851520926,12.810283622742688,66.55913883897958,80.11012390355795,88.63112282708951,8.31117012085754,11.210361587144927,High,Yes,81.45594593094415
78.00274492007415,13.745860456283848,77.23373429020985,76.8803247389583,82.2472806405032,8.508220165224536,5.326798307313429,High,Yes,77.23600101492843
81.9045356068601,26.63357399434971,91.47050172746775,71.2189592256707,67.8713146941723,7.828752614492082,1.681868591335844,High,Yes,80.1314887024137
78.4737602069761,16.16841716831265,99.80913998846212,76.04037239297276,52.369281897747555,4.6155233114502465,10.656240610343751,Low,Yes,60.88496226730642
76.38715798671737,16.10730781918222,91.65448005203221,68.5761994491881,63.41695325342082,9.699192386531758,8.654182473993739,Medium,No,62.78112950171984
96.4282281451502,16.206594280289806,31.564995118070343,87.58448551699877,76.76119268812221,5.301086431171632,8.20785703732731,Low,No,73.22059201020902
78.1894834252512,2.0,68.97048930871797,61.77276311452974,62.43047453295337,7.200906608945515,5.793831165569394,Low,No,55.994534688145706
72.39116045664954,16.98528139328674,68.08676319433698,82.23897000685673,88.32071302436869,6.041060840563249,3.7212041482970744,High,Yes,77.83800806070954
87.44966571108722,17.6216290184781,77.380282719892,62.6835695080093,83.36192510350463,5.157717323977998,5.425361880411527,Low,Yes,75.12829534338334
90.42560043585965,11.788588730636592,84.06355206439838,69.34650417818546,74.8758211854422,7.030164435194584,2.6516394655398416,High,Yes,80.95137416073669
76.16142563798867,14.882173206439912,76.38830809289554,83.55254434633598,89.45978291787227,8.435328667112449,0.27667519350131276,Medium,Yes,76.60748927649634
72.20423033264298,13.987069660859936,76.9493279517716,81.25535886016577,81.83680141239174,6.008906391925413,4.4276391971941536,Low,No,69.95827675164897
88.57112571511746,12.904453774089427,79.01810123393672,76.68431843817656,66.69702616061309,7.363109480662017,7.280866311795315,Medium,Yes,68.07117064353858
84.54413983644503,21.756301504633008,67.19655762757023,71.64008037750624,66.29132995447588,5.199883911852963,4.52886189371578,Medium,No,69.86976544725765
96.19574911434577,12.375250198059538,80.39377934547417,91.63619276715411,94.6842504599667,8.518780028930358,7.178877011609206,High,Yes,84.42691512921871
79.88784323568815,21.48028839428789,57.08368134739644,63.625287392772165,77.15289370029566,7.082969539505252,0.0,Medium,Yes,69.48911670593603
93.52433334796224,24.77037973877123,80.29477685435052,86.25498645012786,79.59618392450432,8.205396642275376,7.441766705171092,,Yes,80.57862608146834
79.10635243055789,14.96357453076064,71.27977213847537,90.32358463305826,68.38594259389743,5.4046094242024205,8.02223141286003,High,Yes,73.02453917369279
96.35565640180599,10.842568813224556,79.0677298953305,60.863509591483435,57.223979129137014,5.905784710362484,6.5035461223066315,Medium,Yes,64.47767107663248
88.68673308872901,19.18172642706441,69.31731632048137,68.32657503887063,63.90983487334078,7.11573556617886,9.787230266047482,Medium,Yes,71.86783840870301
100.0,18.47574899760653,49.70994571234698,54.75186783467147,50.080184979922414,7.336921790671824,10.49910687994325,Medium,Yes,63.15230440927432
84.33920201352683,16.93900628510869,78.33268969513372,73.75882530851659,76.63949362600373,8.778609949128125,12.161764959106694,Medium,Yes,77.8160331058392
74.22255222070694,14.117987990229068,60.99364651391942,89.99542686356,87.19385488806465,7.699004203543272,7.575492872658973,Medium,Yes,76.68896725905768
78.87211309515614,22.826041457268914,76.12910961552652,70.53770541265601,68.61767928200896,6.519953870333937,5.95393964769342,Low,Yes,70.68893071929256
83.91239851543142,15.717482210484919,47.16461220673163,53.473290025585314,60.197310673021526,7.274260023464563,3.949644812085965,Medium,Yes,64.97427365781826
78.62612872693482,7.83817900946112,53.4270581040622,90.55275674137675,88.69719066790583,7.934798656803014,6.128572587858244,High,No,78.47854167651828
84.17848821607431,11.426032235739047,55.766252187627444,68.03222036935259,70.89110826465118,7.837073177059139,2.007621488923859,Medium,No,69.30249231374047
84.10264305712774,18.333626796020692,88.34624600642988,67.70128191066289,60.83402014284958,8.841695220586322,6.7803077016904085,Medium,Yes,69.59684053825444
80.98779528114164,14.048822561838179,93.00591564874749,98.43910965031881,100.0,5.403063997673102,13.149385657719302,Low,Yes,83.34235388049497
92.07751935455475,15.261614678234722,66.91210853679489,87.02189824418325,81.0671581963326,9.466124327537107,5.871810023345146,Medium,Yes,80.31646075613337
91.32931817755511,16.561931032627324,72.91161446430037,72.65531578587571,69.44346351644352,6.442275567020181,9.594046818206259,High,Yes,74.91773888212236
89.9799829124545,25.27025088085406,61.77569055264099,60.65647483680907,56.99911439759913,5.849295463161638,5.248562395965122,Low,Yes,68.2865489334653
92.67434729152909,18.811030810091818,57.74367053397714,56.43235213273961,53.20380096927963,7.785329785301206,0.0,High,Yes,70.33337702933366
77.85648581973632,21.058902536055804,60.75457887940784,55.424690214468654,56.62597240066603,7.186959435558034,7.79394181678576,Medium,No,61.541507190805724
77.03104744529523,17.81264553645014,76.49439738041045,78.75758568015786,80.9734516404636,5.194596273007122,4.522724919367245,High,Yes,75.36107057783806
80.21251378336522,18.0523501393796,57.50415914498862,51.37794943874336,62.487867988887146,6.766788932096917,8.780660993320563,Medium,Yes,69.45311907041835
70.77746290402325,,82.89381830469702,68.81737927430109,52.224605910377434,8.09418103714178,15.99372193488598,Medium,Yes,66.85987727823762
86.81866255058495,17.572899001983437,86.44703850716326,75.85504499893071,71.21591814838843,8.601011787583735,12.376711824816049,Medium,Yes,73.79729881109108
95.80780725554622,6.254691003210416,64.72118023275236,68.39337681949814,64.81925763211066,7.909363341508719,4.315204733548347,,Yes,64.62687798131849
85.18418379189552,19.76558807773096,70.57356992440043,71.4302135895138,64.03703543297087,7.1966566671997185,5.467987344279746,High,Yes,75.16293187164165
88.11250154543536,17.517194663442165,91.79890994981551,49.73223669791611,62.37821243767267,7.176246786575151,2.358053185873915,Low,No,67.55032822885208
91.32781866106285,8.905069086129618,69.20319020473681,98.04441002573114,88.57153992588451,9.172249810944635,4.920192412699343,High,Yes,81.94705705510852
91.50201177958661,16.614761647470644,79.60719692801236,67.83630855934712,68.31374169672398,7.201331933624752,11.199949489048535,High,Yes,76.07258116262298
72.48886423614697,10.93353017685089,50.31671209852891,78.99129012389037,88.01960471600896,6.3057986756191795,10.509400357421942,Low,Yes,69.19351723053259
74.95859233247933,20.71881980347947,93.44333152762297,87.43305181255508,87.0816951501659,5.876178742520288,1.3920098096834277,High,Yes,85.17341016483525
78.4816389219784,12.203780988790546,63.73949779592373,100.0,97.4245891359262,7.007496741629583,3.257300329639479,Medium,Yes,87.30779546243228
76.50155630535208,12.797832965500067,66.95529043906514,63.9824761990011,73.97688188588405,4.0,4.959854999278221,Medium,Yes,65.63132168190977
84.62365297575151,11.788030884276463,75.51473939487133,87.15164891572886,81.81893846157217,7.673495982581064,0.0,Medium,Yes,82.79826286372601
94.55142320501238,25.213289667811427,57.522666876543326,59.93837553631926,56.98113789233135,7.333063659394101,9.880700330271436,High,Yes,74.72074522147675
83.92969640045442,19.520049726627196,61.29920137944936,88.06523585060006,70.07449890828732,6.445614833910516,1.2720720157271241,Low,Yes,69.10362721671959
77.84696290740033,20.783274700769457,42.00190072959076,84.35218804686399,81.81234668871528,7.920255558893134,9.317295090331449,Medium,No,74.30365546127499
91.32931817755511,16.561931032627324,72.91161446430037,72.65531578587571,69.44346351644352,6.442275567020181,9.594046818206259,High,Yes,74.91773888212236
70.93338903151778,21.00627655540285,66.93293168520817,57.31041441549473,61.09542302177938,6.028319941603444,5.281941700510079,Low,No,61.1007038166901
94.54001763493203,10.689556406584815,83.23499593485114,95.00668933861364,94.4831203359872,6.989646564115184,4.0937943071230345,Low,Yes,85.48140907943215
65.12431085399108,20.10133045268096,63.24716102722883,72.01765658310661,67.3561684974915,8.973686278027733,11.346629431035932,Low,Yes,66.6300168326061
90.21941565616898,24.567030379349834,68.45117859776428,73.67201557731205,66.42258415497102,8.095933637522588,0.08955037232222107,High,Yes,77.61754341474891
92.47293605123262,13.950241459827549,64.24043092071473,77.59949970485543,64.57843133123512,8.229478590349611,9.835265225870689,High,Yes,73.51746186977013
86.06430227691897,14.862791626206707,49.49293290309632,59.90558212909335,60.35643765805049,5.476495362086259,2.3037487706357385,Medium,No,57.13115805670698
91.24119817052156,7.741831542953355,80.43306636348666,61.89403640738293,80.32018531525515,7.770706123114299,11.568155006348366,Medium,No,66.22634570738627
95.91506851922462,18.280401409208274,79.38446400469002,79.06424781506028,75.70063421087212,8.800662894600688,8.810639993997224,Medium,Yes,71.61440856594996
80.28961694381677,20.697324812647942,37.69985620193133,63.42353489099142,57.85749054043822,6.804612839738417,6.127037826325803,Medium,Yes,65.15197746770285
84.03286888129608,14.27771301627841,92.98551587017174,59.210210202869916,67.37245021518655,5.956627713629764,11.715040648147081,High,Yes,70.87237263112279
76.36009230320184,20.731831251423063,88.67019371105181,74.2679523377354,74.64373656814011,4.161876820499024,7.965651025422108,Medium,Yes,71.84297720882485
89.73592430635182,17.72120580908388,78.87721200612067,92.93925872943883,97.77640532999375,7.744302628211062,6.139230161999329,Low,No,85.46736067534277
88.37602662075201,13.64112664859084,56.9756090218545,52.91906706593097,56.24946270209465,7.1237117529766545,4.8779917863535305,Medium,Yes,65.2525701199343
95.9877685198719,,96.92817033868484,80.39368695398768,58.81850653919486,8.680469134003431,10.848516816933945,Low,Yes,73.8553092763676
76.41642219818786,24.673669547931873,53.04076997593711,78.32830154357612,68.17558809920867,6.577599936454548,14.256880539409643,Medium,Yes,76.13229721615991
71.17200269035663,18.555161695207097,75.10076941853336,70.71992238984154,57.56205166196618,9.119365128136547,4.567682215282725,High,Yes,62.05750835072235
89.96714153011233,23.396132619516013,59.87232587538428,52.10630930547131,47.839480464180575,6.691488381572756,1.54367456706765,Low,Yes,57.43143724197842
91.81952971294965,8.609318021547764,82.58410750704418,74.35314181193112,60.7722382788214,5.387950545617698,15.29879565729367,High,No,64.74586591604137
88.9913611435207,20.08453006290253,49.01040737797088,49.40885248614197,58.15592433296863,7.677657859811115,7.139018373542273,Medium,No,59.633358340838626
83.44322764607921,13.777957498938205,41.80113422291433,56.18568689561453,67.72347196924619,7.687946441067209,10.627335124147955,Low,Yes,65.06499416147805
80.37724711294958,5.917713644323037,54.93918104736984,76.91355008164955,66.76037565041393,9.38267823864039,12.69147280759412,High,Yes,64.5850972006288
76.39586634716048,18.081600639418298,84.63725079017064,83.1473638531468,80.36998588684563,5.933232612241684,2.1961864676221134,High,Yes,73.5885613074965
77.74256186846534,16.43021389640871,65.55088811395302,72.821962054372,68.12443086764026,7.640095689470709,2.31124437827349,Low,Yes,70.86552030461415
89.92451264008149,8.833949154444252,53.54046208550734,84.93875628221548,84.76688601719174,6.545776506328414,7.748507118924207,Medium,Yes,77.47530376449372
84.22898290585896,15.625206623711257,65.20228715117734,59.19441696064098,56.59435235996131,6.702447719313764,4.474042340703629,Medium,Yes,62.6717105635965
100.0,8.121927641887872,78.20678672762816,83.87583782069606,67.75789258603162,6.379638861256335,2.887620856669143,Medium,Yes,73.92108219637676
85.26885838994531,17.591535268043643,100.0,65.70462035977701,89.91433060458382,6.727215982508255,5.76819783294913,High,Yes,83.57031958060689
94.71570950954356,9.964741995965962,69.34784575279207,80.01846907065567,85.47162478630042,7.090708967576368,6.550647763472185,Medium,Yes,84.15325447301116
97.55756125573521,5.512855787807199,83.73085413340243,82.85970701066027,92.27484855035435,10.0,4.49746535713064,High,Yes,76.44256906842038
87.1915032766394,28.387800877155794,75.3768042731443,77.62240850893134,87.58844686062231,7.09595863662215,11.357306357919999,High,Yes,90.50681755466437
5.0,14.570392443515617,74.90117146903481,53.18424929535414,46.24277025496977,5.015087666637581,8.981442896311503,Low,No,58.061495707113075
78.08091930118755,14.82442311789013,30.0,80.13823497372691,62.7506584125065,8.599099824306268,9.59246929648939,High,Yes,68.94992680197076
76.42842443583717,23.352013718067596,64.6383186578436,81.26571055120723,71.7938637598537,6.664415381718786,4.778221190233272,High,Yes,77.91947575661844
75.18491348952048,22.2785861998751,53.69131091705796,64.0047107932353,44.58531115564524,6.708238507447761,4.386848832356245,Medium,Yes,56.23497352512315
5.0,17.217853153188564,74.94263103359513,63.68930393049749,60.8498302919351,8.472172582405523,4.135245552215109,Medium,Yes,73.07214755666318
78.54880245394875,17.079023290384296,83.89323103362389,83.31267306140231,88.85872885481038,7.547020407742471,4.010582514343627,Low,Yes,78.67380103564297
80.06999065341168,29.957997104596743,84.68287076172693,45.14629612157905,47.299314085558905,7.7480256128764795,11.867130227595904,High,Yes,65.18662897595453
85.68562974806028,17.531524525411708,70.29424986540985,74.54915226024623,72.2072859436074,8.212607411570085,3.810369908932508,Medium,Yes,73.82866543181225
76.71004989077927,10.991457278141707,85.77921426584378,79.06263451543097,71.10785834351991,6.949597954535442,5.113601222459843,High,Yes,71.21850252889783
70.51986099583756,12.208137259319681,56.66138757657514,85.65004760896872,95.29985434422325,7.323500868627884,6.989922190560419,Medium,Yes,83.44281232395981
96.58110873500068,9.363987637087474,53.624486857910284,74.97115390897375,66.52445838444302,6.578691063333337,3.932612467304686,Low,Yes,64.31154893197142
87.59882794248423,13.961569054296783,66.65196618047793,80.18715540760986,60.941900534426225,8.289554776352459,8.362977342041303,High,Yes,72.89176701780084
83.09661321916391,22.250197383558856,65.80359747256249,74.42293791203073,82.86453798499831,6.417989853412301,10.727560170235574,High,Yes,80.97348945799592
100.0,24.12789631153471,46.52795842956917,73.19708413442088,82.29628955704175,8.814177144542898,2.410987975354973,Low,Yes,71.88983471339196
82.5876394214367,4.361805190758712,88.08991774820224,81.18353185949361,79.23053074110776,7.363916874706503,0.6702066084217364,Low,Yes,70.65353466747352
100.0,20.784523009730144,61.39597340654649,80.3160255653685,72.33878736054257,7.260273238998817,1.4113619559531543,Medium,Yes,74.053679829652
71.64655641289899,14.501366564227832,60.25352159727599,71.07964544176363,72.67138857605427,6.378609923264644,6.035153770528288,Medium,Yes,69.3502673243565
94.63376129244321,21.135422592057843,93.70811029852561,61.14764798120419,58.475614750959046,8.153520459534255,12.317751566779439,Medium,Yes,66.8847229168827
78.99361310081196,18.681107836382502,73.14489122911938,68.8823196817094,84.20300489815999,8.745690869822853,0.0,Medium,Yes,74.32415221117611
91.42722759867544,14.670635996302282,57.632287577084895,66.22041913309766,63.16681024070703,6.224945075853618,10.46672510027009,High,Yes,66.96498812076328
72.54261221288012,16.918691604855223,49.55238993110784,67.58829987679565,43.04788920840487,6.490458253437727,9.83014865311907,High,Yes,59.289859138494315
98.29152530132431,16.71332444914594,60.8711541514045,97.6852882218694,78.08158326989012,9.726356915349974,6.9283785517141485,Medium,Yes,79.21515662913488
69.96857046881894,17.714230777498404,60.21866667110409,74.57990867992517,86.09617970557522,8.83102739299683,3.322252345466038,High,Yes,76.51686969966192
77.4626383564251,20.120493352681848,76.99537561669501,70.00839686463169,61.88614553265295,5.8463249342307675,7.753650797986581,Medium,Yes,67.24199017422444
73.41635310807457,18.078512520583757,55.59930557080804,50.01481556173215,71.36834895457065,6.517022161592959,3.7799331938235623,Medium,No,63.8649997000058
87.2745993460413,13.214618979840049,72.47141261854775,85.16124930259792,85.80173749205008,6.511079189659682,4.062966592276679,Medium,Yes,84.28894569724883
88.41151974816644,14.624441232602866,72.2763698837311,84.31233496612171,69.35617127875265,6.005791248120915,0.718026226379874,Medium,Yes,77.43463390367612
100.0,20.37115932016639,70.01808213043337,80.83243547301164,49.5387885150804,8.45817918126071,4.71536384517719,Medium,Yes,72.65868830200053
83.32881919683146,13.447223623997386,38.73830590752117,91.72145433029317,67.31996615052022,5.3146171786585406,3.1191519159728402,,Yes,67.52898956930547
75.44459559399574,12.763001087449398,95.79066859310944,43.76235494607242,53.49168133019802,7.740735659317666,0.0,Medium,Yes,53.73597221647918
100.0,7.302046654868582,72.95973561108393,94.58228278906931,84.7585521615342,5.333551519390509,7.811025408306778,High,Yes,85.5887551571244
89.4426331148604,13.446570157775536,79.18703191020404,73.17942679707325,66.39650036334609,6.998089038614951,3.2194025676925104,Low,Yes,71.08562065569953
100.0,15.37007909908783,88.35353323627942,60.32525976533323,70.06770962884073,7.669353452319272,0.0,High,Yes,73.96226100484354
78.38213535231613,18.41389847511165,63.894455306098294,77.216525697373,88.58432274858654,7.4158972434557,2.9761971732323182,Medium,Yes,78.97775115271322
92.81822871777311,15.093474285488805,92.34795157903123,80.64053024841843,50.14106980560226,7.348175770997513,5.119545074980686,Medium,Yes,72.90698044851362
85.29756139495746,15.127869892031653,74.51661008787613,62.80945407612026,71.35842280029985,6.420762216463343,10.922811619937882,High,Yes,70.07691704413162
100.0,10.177952592181615,51.83242106078828,59.6345331479704,46.11383013786674,7.569398847016662,5.112874385135458,High,Yes,61.24402265656236
100.0,7.874409485822923,64.62489771968167,62.39831112477425,39.75925574421174,9.341730047022114,10.797198291686342,Medium,Yes,56.350100108498744
100.0,9.6750469331874,49.92091300415127,88.84308411980311,68.24520819526956,6.621223714876437,5.0238865913154624,Low,Yes,71.29692886589504
81.36387787786144,19.256710902834236,61.1146606652192,72.8226111690298,78.20409676817599,7.867129741975011,12.978335480300995,High,Yes,77.48354113748277
74.37696286273895,24.682267614351883,80.09291853950229,54.225584358660896,68.66156065336192,7.671160938781162,13.47441287665201,Medium,No,67.22443913919031
90.43360192379934,18.492586220811695,100.0,45.08075015603907,62.29985515692978,6.40615026898165,5.700293775526209,Low,Yes,67.37445585834142
84.96397460909432,20.71875027225652,45.17668845657556,77.9145841578033,80.18863249646354,9.108484282288366,0.9833560520175846,High,Yes,72.35697090296225
92.14000494092092,20.644627127929297,93.00150551944489,90.96689884846847,87.27158716939918,4.853941475618061,3.004800815919785,Medium,No,78.52171704415174
86.7136828118997,12.24669442278636,63.86076342830344,76.88367553162121,81.477355666941,5.169275002028006,10.873920859486745,Medium,Yes,70.98854808264035
86.09394794604893,16.79251745019412,58.987393018322564,63.17035429598608,75.6795237573244,6.997938093032577,10.358146332306562,Medium,Yes,70.63093435368286
87.57550390722764,11.25738623582517,65.07072286376523,80.40724095435047,74.28154289010368,5.9115736092986975,8.136831449498699,High,Yes,73.82291250755759
95.375399442579,2.0,82.72646323307927,90.11079887744158,82.9964271980916,8.549919054363889,0.0,Low,Yes,77.01979276744885
76.60782476777362,14.846675574051329,62.85668689683011,68.3334386461576,82.45536643948668,8.05122301734638,6.29803837530709,Medium,Yes,76.40025114626737
86.20295631711899,13.063920966947185,82.17094831737388,72.33030123866081,76.04029605267246,6.953659176604499,4.2490507103827015,High,Yes,75.90568841659905
91.69672548830039,11.091858637249025,73.9523082299659,61.30789788296714,55.30197581998759,6.933734074449278,2.4078910947021663,Medium,No,56.61357406272686
74.91913689082595,18.095635306224597,79.76704362735485,87.89181615258674,69.23243532880656,8.029942290145666,5.226289485675178,Low,Yes,74.05589149588916
91.5854427267283,8.454201418708811,78.02226004518866,76.67864679406952,75.14440573971554,6.415844525130232,3.893779467453192,High,Yes,79.02862487208851
79.55617275474818,25.36525902060427,30.0,52.563099603654955,50.00773910961743,9.932503797663966,4.728956423930416,Medium,Yes,57.37189292563958
100.0,18.229776474297797,85.70976559932173,67.71174680145346,81.09523383755926,7.240683268418805,1.4518684674100504,Medium,Yes,79.20432520768306
74.40786478111049,15.12762946041637,59.64188421525611,70.0366120124443,83.99273248317081,5.511667919384197,7.3438726937623064,High,Yes,72.918386524308
85.47398671316414,80.0,65.5736512864314,94.13330870099037,79.51744066993362,10.0,9.281193498035858,High,Yes,76.45865788012178
84.25566570899954,12.42418665289644,69.07353700209806,50.0929438910576,44.11235553531227,7.2350286047226815,9.296411587422824,Medium,Yes,50.72435118421337
79.26337993119763,22.90269040403919,52.36608091562722,70.67952877491621,84.29527782680671,7.13426596759341,9.332631066517738,Medium,Yes,86.94659537337535
89.40014450053333,30.86606008210221,83.14070188794692,75.72103193538196,68.40707619646261,9.208130262747583,9.515855892282605,High,No,72.20922822706511
89.12931454275625,12.670939088752627,70.10594737942264,81.03341312274233,56.089357661125085,6.783376205865285,6.556114747812503,High,No,66.09678713088722
81.14917719583684,17.374821200624453,56.9930467643365,66.48670797086945,68.35320720562912,7.6213985611525015,10.08014602760836,High,Yes,69.11955701334168
96.03301882016521,14.456800306175035,38.49960238522564,73.10215386753215,70.79257689010419,6.6890932744180915,7.843299461615461,High,No,71.92058757276226
92.5138712337179,,57.2289034860953,48.39817392775123,44.90042108516956,5.396555269581134,7.357423251024882,Low,Yes,59.19074972824391
100.0,21.605757809991427,93.67177086343277,60.8475705404086,49.687685158823825,8.617187886366807,5.730890140345862,Medium,No,61.48948759353156
72.10039100258946,27.37514951545887,54.512141447086904,73.51520783880292,51.28725750593793,6.792289190822972,4.411538673728589,Medium,No,67.67795338810903
82.4743184860684,16.016164944216467,80.20324158175674,82.98500188430134,77.4912398837119,8.629303025728172,3.598457228515577,Medium,No,73.46551827908134
73.70293145342382,25.633509580018465,51.12242633986998,92.41201725757603,100.0,9.203907337685568,0.0,Medium,Yes,88.35698924065495
86.50301761461877,16.1429980786744,83.27847224483486,100.0,100.0,6.885890051734687,5.675731578258332,Medium,Yes,86.42128687192057
92.10959968203491,16.699727229276853,81.35183019980472,90.30468885598818,68.77723957749407,5.678235834029625,0.0,Low,Yes,74.49718716144052
76.43916174091133,15.516863298278249,69.04713138076967,70.24524386277888,58.37324622613034,9.048388775783863,7.076723681020639,High,Yes,66.69575564089806
78.37376241054153,13.641095406901009,75.51222498211456,63.412022357721504,69.35241682774446,8.104103356202916,4.525522536857202,Medium,Yes,61.99111798628522
84.37320902726829,16.85299807559378,56.257121267781365,69.26825300875194,63.53812230244563,6.669781287311012,4.908621814639477,Low,No,64.15152519037348
75.91975924478788,13.07791615083408,79.53127045313839,69.58609369909202,63.533339860672264,7.386389999039282,5.410639093513975,High,Yes,65.71782821378707
71.51814577894287,19.43286288532502,54.11638619415099,55.3436513107678,59.00260344527781,6.27951905351964,7.333479405043512,Medium,No,58.11242459119675
78.53427115757474,6.489805602401809,64.19304025315728,93.36234238636021,89.56063598063693,7.360999699195013,5.087977092761129,Low,Yes,82.37033238454458
88.26927373764163,16.761347592999776,65.50485027989819,78.8494287111922,83.28379279176173,6.787123251954928,14.57202821833964,High,Yes,78.0235292595976
100.0,13.507853242898717,68.02791106492498,81.88493305205296,89.05387590276152,7.13155059977647,0.6186580503390342,Medium,Yes,83.15293913225081
85.12592400781794,9.400392245560823,44.3896306361058,77.13300127521637,74.31717102605282,6.835648712522399,0.0,Medium,Yes,66.74557403714587
79.81729781726352,27.460487901365045,35.55728570294143,61.59376245951597,43.9992282151436,5.916894607493904,6.535833522320941,High,Yes,62.08111490224162
83.14341023336183,2.0,67.93942317400905,71.00567514740986,72.49665098535216,8.456294153385768,8.889787940883917,Medium,Yes,66.80091910749174
88.84065448939307,18.977287612004474,96.24375856308131,76.74625437321889,60.15302236425747,6.477666669677788,0.0,Medium,Yes,74.72364273194125
96.63163752154959,8.446123411964527,59.86437881257582,85.57689034708285,66.31808309038325,5.7603296818917435,5.632126135187813,High,Yes,74.64584774356825
65.47912200477498,7.012602278653332,76.93091339877844,93.04103794114799,87.1610861046639,7.698991955346412,3.5354261678042262,Low,Yes,75.01990946679715
90.19346514241172,14.908140904962027,54.559427377268925,61.16001116153106,65.88604351026862,7.144486539280389,9.593438273387942,High,No,71.23980928469969
84.80983792097311,11.540937595639683,88.179159780796,67.87426310317554,71.5541128249962,6.552490535115442,0.0,Low,No,63.5972513836922
82.3111130944517,16.166305809464017,77.66188132791392,80.33728569397914,76.69173879720438,7.042889033848648,3.0023360521721068,Low,No,70.88972820643195
85.69802084990019,16.15229469894019,79.99468751363818,75.95517434851244,72.48738779227918,6.268950212200219,1.1632051550415756,Low,Yes,70.57382216278548
87.41962271566034,27.451565235751595,58.46286475319053,59.554037176989,51.83789476572215,7.210540385877778,6.798441673611131,Medium,Yes,66.54570987971084
74.29107501938887,20.509899636013877,67.29412477356388,61.75596205763557,54.765576241475166,6.959232841409482,0.0,High,Yes,64.6766125841716
85.97676098548831,12.340306492850939,53.25213340077011,79.80577663807594,69.13918768658979,6.6133366571475705,2.716484310361253,Medium,Yes,70.37620941432452
90.38910043684659,27.036557328954736,82.19807780121965,98.22184848072274,100.0,5.669180808005122,7.525702470137368,Medium,No,93.88206996791949
89.71468357135996,6.3703321300958,81.83585031063278,79.21775880422642,92.71469661931482,5.064721283391336,6.770606130592099,Low,Yes,73.11136531067537
68.87284128810349,17.48279458470899,67.28163740172846,83.342434801008,90.12483125868982,6.08544950225705,13.519498197684033,High,Yes,84.0941614560353
83.13128355838641,12.101633689899362,68.2485112630713,63.07364790198176,71.71643707454821,8.52386108646439,7.766650256744242,Medium,Yes,66.8512885533184
91.0600995134564,13.552454072288745,85.6763271112713,78.69135201827035,73.79735194926869,4.697049073313996,1.3478293988615926,Medium,Yes,67.56047782139493
79.07606075761132,19.178324684740293,100.0,78.87569404341201,82.11771269160354,5.938535964260997,11.074332942589876,Medium,Yes,74.3637373679608
78.9601481328418,22.361599343305848,100.0,74.57009305552245,69.8883703642889,8.793668266784362,8.32712708251345,Medium,No,70.94184403345689
93.30335816544246,10.034458676107683,57.99942153403531,89.87500807729873,78.31593793137914,8.623374568850759,2.4799520732369444,Medium,Yes,71.76795373674985
94.82690983945514,8.593182470524841,75.13506751734432,73.08765321424912,71.50143821225585,8.8944322542519,7.3276737908315495,Medium,Yes,69.23682662083628
85.13001891877907,4.842259114827687,45.885084593229124,57.398577712611875,60.086118783150155,5.638094420636003,5.371900686221169,High,No,60.68194523164444
66.59125768668355,14.373304688775171,76.22298250542866,66.42383187611482,71.6853941176816,7.606028930323152,0.0,Medium,Yes,69.32646327557043
80.7311893005258,21.17976490548697,74.66963010164328,83.93022852378041,87.12880218211217,7.558142176777728,2.9503281975883424,,Yes,83.74806993381473
80.22342553234883,2.0,63.14047517369815,82.24945067506222,79.53702487921075,6.895257952323318,1.288954168034568,Medium,Yes,76.6731684901329
85.71566237219392,8.567165928086359,88.56157202026209,87.82055200432819,75.33851034940179,6.536187305583276,5.1368514946871215,High,Yes,77.37489869349615
100.0,15.819211986496425,60.249640983896526,74.09201274809004,66.537153941494,7.379210293271857,3.34139560999175,High,Yes,78.80481041924604
76.7931768164829,5.12760751825865,87.102235577819,66.66479557004226,48.3017590613256,7.219230338754192,0.0,Medium,Yes,55.49292260662589
100.0,16.402715470744486,67.1631941383445,77.74795670951208,79.35343428180305,8.183247921767288,0.0,High,No,78.39842592879481
100.0,,70.35854564927433,91.22643214640573,79.01731755663583,7.558557336386114,6.129584854734315,High,Yes,92.34727190793029
96.69295590445672,14.342341176445014,73.23094758184432,52.10397435452031,55.232568174264244,5.3756558493112685,7.799308854906039,Medium,Yes,60.124687330928516
77.22183312409125,13.066077184731961,40.56061462491131,75.87448917618619,63.485632304140566,7.224127760242919,9.107746811726066,High,Yes,73.01174152833433
77.3265243711195,13.744057937088803,91.7274884483939,62.71165690936344,70.35822170769993,8.0876105617414,10.393939504207275,Medium,Yes,73.45427805418784
69.65885829264377,17.735326632489645,53.16182790633379,98.89863962645681,78.64464140210325,6.282975856034584,0.0,Medium,No,77.25487530120793
58.80254895910255,20.97760091668284,60.73522156848475,66.20360405371213,61.88308569898689,7.441014111738852,12.829319238236891,Medium,Yes,66.25060611884972
100.0,17.974091327835627,54.96718816327791,60.486276774974336,47.035779645048265,5.514912520486094,2.5080441324425893,Medium,Yes,59.16401756328003
70.21413754220158,10.592450539211704,74.20954606735205,65.21549246020655,59.98689880999735,5.582187545487012,7.014949187099333,High,Yes,65.55170518666318
87.43800713771199,21.514717949636083,45.407737562118484,70.80672807339653,79.39154107907697,8.693478192426307,4.281460085889965,Low,Yes,70.94949300187301
76.01585328651642,17.7598328576347,42.307182066428595,56.076042213708035,64.40206551035935,6.3607025518520555,0.0,High,Yes,69.80795725171863
83.3871428833399,21.6490969004251,52.15882160699008,66.24477036231109,65.7449434803454,7.6802830266321305,2.4185825053632,Low,Yes,64.96921874582435
83.07639035218878,15.90251343086146,81.11236518130188,79.6677447522262,92.06384263768632,7.03898374718769,5.172061643606525,Medium,Yes,79.19496339557396
86.15674634292859,,75.10883824600745,77.49363008823975,54.74992388422415,4.828844040130057,11.903516602015863,Medium,Yes,62.92861899640422
88.33662105286949,20.42360904651717,70.87034102212593,57.246669322323314,38.35695447802185,7.65918426177299,3.510919108424016,Low,No,51.23715979623921
74.64757677580626,17.286950309296667,73.59106750803066,70.48439130090004,56.00779036285196,6.86698365736772,9.983894715385784,Medium,Yes,64.3434012329434
90.14438834058748,13.495001901269717,52.776050668710724,99.56234634863469,98.4553341159566,8.542259933106392,6.727959530491191,Medium,No,88.2189691289383
77.97946906122648,19.36577726182188,79.33310716065102,73.86649542669596,70.57174033986576,5.529649942857922,5.349185193723633,Medium,Yes,72.10822573292599
66.29208078974145,5.624724858680743,82.87676674984998,77.69207588133699,88.9056301087615,7.527742121152373,6.873555950176697,High,No,71.11430751261219
90.13267433113356,13.82190090549013,91.78701301706118,76.72305523806192,69.83251902111523,6.343698396111389,5.838664359143825,Medium,No,75.39502434749744
76.74502803207488,11.319584018754362,77.50998582071814,58.610110135014736,44.416242938838586,6.5849590672241405,8.763643829568771,Medium,Yes,58.73798099330017
79.28821010217203,14.021598216337416,75.01264625867346,94.72053786965441,94.3847384027788,7.761540506558222,5.9795734718911,High,Yes,84.94620719057566
84.34249738927012,26.750084725323564,84.78174528422828,77.06705263693244,72.51434769221078,7.683929475644606,1.7013558422685477,Low,Yes,79.51181748517034
93.72457328280144,12.650108595469254,63.002569311577034,89.76266610780945,80.77758773903413,8.12568215388452,9.859079577209783,Low,No,75.4897234718934
84.44415329089544,,52.93471494362775,76.33647122208063,53.23625653389507,9.319814160393161,9.850011543200406,Medium,Yes,61.93824687060011
88.77300493044852,10.631982352625194,62.621463287406925,72.2702848805591,83.69111849720034,7.750792802009149,12.963765946387962,Low,Yes,78.20726516665853
92.25766623898691,10.489253699428893,71.22993334620341,71.59013882485444,41.738032763424314,6.808785005019781,15.461631087999894,,Yes,64.99177401249715
81.07891846867842,19.395840463293474,85.58667681130403,64.6334044729228,77.59090227149392,7.061868367292114,6.288612947287045,High,Yes,78.81784328506541
80.34270246429743,16.185597628154397,58.55912832150679,90.90955977050628,69.58106130079153,8.080257376207038,7.786146027762846,Medium,Yes,73.72301507080574
67.86865470909123,6.917242262821821,56.1721028031203,81.0670709020305,67.74023580629654,7.487553021886797,6.467320696688735,Medium,Yes,67.67346320564813
77.69069960058081,19.677963193616037,61.23073404014201,57.27690086961718,62.422511483001,6.107225895381013,4.179204380735364,High,Yes,70.57221917947358
81.98896304410711,14.768949182995756,72.28532308050583,77.69059685148952,77.37989467441614,6.224611691596122,4.575631805523779,High,Yes,73.57460522952407
83.8435171761176,21.472085000587775,62.138674030981115,67.96162476523277,51.414269461558206,6.995537081534165,14.808055698638464,Low,Yes,69.72710630045982
91.2834550926428,18.599572379977225,82.73653166114715,85.01701591589858,75.49396087171267,5.103725170385335,6.4445175011860485,Medium,Yes,76.04592772253415
100.0,18.38345472031416,51.136332116280755,76.89664187904158,71.36381529018362,7.019263182444081,5.384009339208673,High,Yes,77.39951713177238
94.26177547531641,19.670166456999826,78.55919495829296,89.16769094942573,72.82959910273026,8.043771050664004,10.909095288325052,Medium,Yes,81.59573250727117
91.81891489626311,14.841565458246437,30.0,74.2310668302154,78.28628894757378,5.425467451384457,6.721179522013777,Medium,Yes,66.94054901656659
98.55637858804951,10.204847960098478,52.155000113644576,75.00819382748979,85.62267017196947,8.364379442145937,7.686867732012388,Medium,Yes,75.64421359165044
95.66674689589154,12.381684656840587,81.52310824947605,65.40071391957679,60.08600199878265,5.5211058861786295,1.0220542004445372,Low,Yes,63.38716706106595
70.84629257949585,20.988060659157913,75.64614289146274,66.51728918415182,51.559883814436915,8.434522789708177,3.648574780367999,Medium,Yes,63.858320206316726
75.35076539419896,27.337242779641933,78.58086162571216,78.03082615195949,78.12528047023503,8.356688320891035,2.742407250214705,Medium,Yes,80.0591336155039
82.35343166762044,9.068453357094494,100.0,86.70374950173574,98.82670163636925,7.050135737579919,12.365601471051217,Medium,Yes,83.91210673168253
71.95530499495146,17.39812771051585,62.455378441729856,83.34482969460359,58.97385376119786,8.106799006493178,9.136585665413994,Medium,Yes,71.00996325668451
100.0,15.342078749382507,78.27214412859286,85.08881378555459,82.18283774075547,6.741057122796852,0.862451855709943,Medium,No,79.58086452649613
73.9347409125833,12.881002243135871,85.45870878436085,65.0921558063743,71.79858044726116,8.553887739922605,7.351064396218406,Low,No,69.28367205885439
93.20482181197364,18.277705488022196,72.11885710131195,83.31429101084925,70.0992435893152,6.926736462197097,10.043358940081255,Medium,Yes,76.3274664029845
77.87154217322836,22.781967279366654,76.94809438148684,89.31282198499697,89.70314962421429,6.614839894854045,3.1200418671122434,Medium,Yes,87.02318091924822
99.53534077157317,14.4099622392315,72.77110868343587,68.98317423737237,71.35803269302303,4.976377820522917,1.1593562263433688,High,Yes,68.42205997968522
80.30824347895295,16.108081835189452,48.255321704522046,58.368144691212024,47.28252588542907,8.163785691136827,9.237058792967943,Medium,Yes,53.942357992159536
79.75479733720226,9.57778883561923,65.05828320479363,77.14433660172571,88.71138252937904,5.991687166865828,8.860697560512234,High,No,77.4005040616718
79.83955271782627,14.636035117112275,100.0,55.79674674595548,58.48376907142847,6.914119589933259,2.372388501111756,Medium,Yes,66.65367790511398
86.2810441491079,18.561340333685173,41.31617536870335,70.23365620624814,84.45103784978278,8.3708560532031,1.7358713134892776,Medium,Yes,82.88024232034859
92.85800158650832,9.170059592752285,73.96030122000505,91.35075423254942,71.96586367061197,6.001870976547938,0.7382347718006175,Medium,No,68.70784076743901
79.74244978319238,11.365710461979969,69.27021472644323,87.32383515983679,83.1058512853065,9.221429801524142,5.493924412184199,Medium,Yes,78.99645287669803
78.2360769794073,13.815969478156044,75.2875745253532,78.73331989371835,65.71869150574301,8.221348918056286,3.6861610844946746,High,No,72.34057465624933
89.81009231736714,12.44185442276674,76.85920606922862,89.33715434252325,82.36990461650718,7.668439433274451,0.24511959577252185,Low,Yes,83.03202052792169
77.92330534381219,17.51411405619627,63.6885730947842,66.45335083621138,80.76230379781745,6.313563002004525,0.6191613167655898,Medium,Yes,70.65777122138118
83.52942618497862,12.977484173291764,78.6280752415985,58.89446701817862,54.77040619237108,6.60244578381859,6.336377553000786,High,Yes,61.37668784136808
79.37712470759027,16.187464700775887,67.09260791840795,87.4605462122318,75.4311412522048,6.585883730469236,2.554761681211568,High,Yes,78.24836392027248
68.4514332813423,12.57810922054802,86.07314728352328,78.20182075554482,45.59871463071196,8.048438831532941,4.42555367186796,High,Yes,64.26363139161079
74.93982618500299,15.386846488860721,69.9160597175643,88.24652811979509,74.14737729239057,7.438072220612984,4.03375224392428,High,Yes,75.63573099060771
77.96823574874112,9.94052042810285,82.30516018918684,75.21135902320388,75.14343321222348,6.817384373406322,7.6544650302867225,High,Yes,74.6087556747747
91.86260190374513,18.802661285592592,81.16287957249905,91.44643372796057,83.95690067309168,6.930176333046178,5.6516610954274,Medium,Yes,86.2605531839007
100.0,8.378464096705375,70.10199766839996,81.18753706132748,73.40248732735358,7.218837355149311,9.506856745544464,Medium,Yes,79.1522838813753
78.18015752002202,19.249823083206383,66.81686545148273,84.01319345408773,84.4769526797032,7.822551620942066,10.294487775630287,High,Yes,82.24661189325143
90.43360192379934,18.492586220811695,100.0,45.08075015603907,62.29985515692978,6.40615026898165,5.700293775526209,Low,Yes,67.37445585834142
85.67528204687923,14.853872446434103,90.40987893757976,70.06288071460797,50.52558918447899,6.976890622861475,15.968735994402747,Medium,Yes,63.73249520458314
84.8148686400761,11.722533310485105,64.46084291130695,75.9429243566298,75.43039183828975,5.241582137968299,14.583299700305954,Low,Yes,67.17393222256
97.71555094994159,12.41027812369171,66.04827675876626,73.99538448180945,74.30993561964763,6.601639325053858,3.8008425614478667,Low,Yes,73.41351596912958
100.0,12.53511427227249,88.43470753733592,86.95341857893355,75.64607730505355,6.7361500609226885,0.7106102612668179,High,Yes,76.19607357148591
76.77779604433569,15.963443886299187,80.48242630303803,83.47294696578157,87.8428815402468,5.935397405562785,2.2964403844354004,High,Yes,81.29673213922558
64.60767822239899,19.89442327523578,54.705034919618264,91.15470907443299,61.5036161608585,6.459345304022446,0.0,High,Yes,71.03633746520033
85.96120776940984,10.749559398537222,75.24700036851861,60.39260769335425,48.320340337797255,6.707377820724324,0.0,Medium,No,60.16996085787402
91.74819492166604,3.708905727014166,47.25036175868813,66.48253209319758,67.29472186528923,5.764130485659976,3.73975810579523,Medium,Yes,61.47006760996652
95.53802052034902,18.25978817421833,50.60090563193255,90.34638975976071,73.54503563548575,8.124900251542545,13.469848016645404,Low,Yes,74.4451540842385
93.23170583961914,9.269264523903882,72.85953386897536,70.93053264875954,74.883604711502,9.70165550547722,7.529733262770142,Low,Yes,70.8083351005398
81.72337853402232,15.311675314843797,52.917503233288464,80.03531966428942,78.2403085012447,9.244922493670941,2.515227879969477,High,Yes,75.02720592360141
87.22133771633713,16.6027599060689,68.79100376054859,75.41656498503075,65.40130890928918,4.43494567686724,2.3587026322868643,High,Yes,72.77903156889202
88.61636025047635,12.19379279212865,91.3412220414991,77.70316940697059,62.499893934108115,7.175327331179392,9.468749651310954,Medium,Yes,68.933610480727
85.55724912288694,15.40713306316442,63.354339683072766,56.48638181748425,70.50116634701295,6.2269272765597,3.635926177066272,High,No,65.05545677350577
100.0,10.284063236952303,63.033936065359185,56.26208133069768,51.59252953772137,9.142545167593042,3.6231565104733336,Medium,Yes,61.33167691563685
100.0,16.68096695291764,62.50404735772554,81.43549091420628,72.26306188890474,9.206719084917033,2.7405274043626235,Medium,Yes,75.27354043359698
100.0,13.997269717281531,73.37961883061412,100.0,84.46910183085868,8.025519566461714,6.540761363949543,Medium,Yes,87.88535329905608
87.32253697161003,7.06146123955501,73.46051358578025,70.50213532053833,61.88226187367515,6.564958788226185,2.5170889134250345,Medium,Yes,67.19063173063697
93.21902504375224,12.037460501032125,65.25890715959426,96.81674307069389,88.90312472001594,7.320949287173768,2.9167247890852424,Low,Yes,86.91380926350685
94.82690983945514,8.593182470524841,75.13506751734432,73.08765321424912,71.50143821225585,8.8944322542519,7.3276737908315495,Medium,Yes,69.23682662083628
88.66598246096848,11.828299909501458,74.4133619352024,73.66189407428467,62.7806933237646,5.580272316742523,2.9358191903984006,Medium,Yes,65.23602272428671
76.53206281931595,18.30031259414731,63.56133369552008,85.71544644130523,75.83455945275904,6.098428674467117,5.9077977756581355,Medium,Yes,76.89043719357696
70.6413784882056,18.65482872544306,62.691571538296714,64.5244669145556,59.929813812474706,10.0,8.967289177560506,High,Yes,60.20092616052689
64.74857413342393,25.066204884458642,70.21409601754651,87.08932767834239,95.31340336706202,5.522633425890843,3.474389777733767,Medium,No,82.50101236337343
74.18451996385605,4.435147128115345,69.31883173101643,82.97912594762089,72.3061803950075,7.714010460792871,0.3720901515840449,Medium,Yes,69.13863640604285
73.31321962380468,14.654287217798487,55.08475938087231,65.93050199809964,47.25124968684032,6.492657120073538,2.652078582241652,Medium,Yes,60.8111956182231
100.0,8.457605535342925,88.70337573302079,60.88591996134264,63.46519542986847,7.069171896043843,0.017833854007184513,High,Yes,72.58048512375679
82.6105195313359,10.69906607638317,78.23325752976046,95.54448340821472,80.99001705793904,7.9651269746774505,2.9536485398551204,Medium,Yes,86.03530671753177
80.6744181218038,10.180926295917931,70.05063259895742,76.47693841987417,77.13549873336959,8.458636970250435,10.448402476885354,Medium,No,69.02567790999397
75.21236284217693,27.344972818270193,73.16925538419208,87.08560003767792,93.87265841653334,6.867993873937026,3.5687044295375028,Low,Yes,81.3167422979664
75.09463674869312,16.815812791434197,52.28780777036732,52.087726949912486,47.65386796891144,6.871524897399888,10.68724057309538,Medium,Yes,57.298219266061665
84.65288230294756,80.0,66.57100126989972,72.66877041625777,68.44115181312762,9.208036735383029,9.289401883583015,Medium,No,75.23943884011544
98.66874267444524,15.088129168375183,49.28433095269338,62.27273920324079,69.03312096567203,6.599762619484805,0.0,High,Yes,70.25202392334475
99.40117215449473,15.537484087531492,66.11718399445253,79.35738753293428,73.19305882448731,7.351081666073951,8.149914818425714,Low,Yes,80.02661191229448
81.90787624148786,22.03637411555619,83.11583771069091,77.45266837923572,78.70322551061027,7.22334990662266,10.10252845549033,High,Yes,78.52840919309375
92.21672064043236,17.422380542019656,80.18714163157293,61.565446459401976,60.78280309228438,6.058578755534453,4.738934664334977,Medium,No,62.971407341617464
95.73631749859771,3.124201137745274,59.21751418586904,97.26603977753115,100.0,8.702740394347968,7.029492425669398,High,Yes,85.11558139414355
77.26990216144533,9.691183715838594,88.53717430010408,76.57278223459018,75.83365592341573,9.1067283941329,4.292783220258969,Medium,No,68.59614648871407
80.59955513303017,10.586820344461401,62.43730253488493,77.77735107030686,63.231708348270885,5.596965114997664,9.868712489755797,High,Yes,67.85590954461162
80.39361229040213,18.913937270480517,70.00310597377296,88.90888877947077,89.24322826683537,4.7106163787804265,6.007907379023243,Medium,No,79.34370870140411
82.86552848288153,13.651407588643899,64.11981040121306,73.3560541266905,65.74162881888473,7.240835503616017,3.116119566120415,High,Yes,72.89869819281874
88.85317379728836,17.642848427762395,60.070267333050865,52.43987959310684,51.749133995073294,6.68561456770016,5.402177227340045,Medium,Yes,60.788440275700445
77.16746707663764,22.136822933547844,71.5278444289298,86.41859724688851,79.93381358759981,7.77540905760193,10.359619836363322,Medium,Yes,76.76578151410551
73.77277978437701,11.707650553554231,92.15401639177412,86.74667470268135,87.5785697548611,5.407788266096228,13.484297929232456,Medium,Yes,71.42121946857236
85.26091050210833,21.971269815649144,78.37209271777759,77.01671767160184,78.05943127800919,5.441191371189486,0.03015091997602859,Low,Yes,74.30398567112763
74.7561235866571,9.475958441523803,53.93419480526427,89.07308214320933,79.43357117766115,7.700958107785554,7.2331682545552844,Medium,Yes,76.11624236538778
84.10879960487212,7.21900831226492,80.34561707867792,94.06352313652314,92.64676827974249,6.550791761060521,9.606914788561095,High,Yes,84.99895603475144
76.05392697780496,20.37022988445669,61.756895881066974,84.72958374710052,75.11636109638485,6.9232060000323505,0.7807324382682026,High,No,76.33839737892686
84.79098406035853,18.21905906142242,99.93501234675946,88.20985678107127,68.67320192444024,6.891239999258652,0.0,Medium,Yes,75.60536266443802
87.43687211491913,15.018276120920486,76.31459416584084,72.0878246782556,72.38045463350927,7.713377274183484,5.545333243674259,Medium,Yes,73.76560981328537
89.13434903223701,12.103538866907805,60.63481915430164,84.3855600183775,68.14847607857692,7.702511952152996,5.761382752031234,High,Yes,74.65831215318286
80.47693680750923,21.74467631991608,88.95560016482003,81.07489187167111,90.53712058478482,9.183971564614236,7.283990254744093,Medium,Yes,82.38901238749341
87.96984673233186,9.918231910090032,45.35216783268749,64.2402932722175,67.4035073324157,7.590693380144485,7.030403429592518,Medium,Yes,66.25206041332437
90.8685709380027,24.800589193806577,70.3369883921807,73.3272335920412,74.40583004843997,8.026997348489203,12.121338257417644,Low,Yes,77.85717792147004
72.2325142417969,19.028040458702794,56.09952536729034,72.11201790563744,73.12109525040258,7.3673973553769505,3.570954343655662,Medium,Yes,77.38792441728535
71.55549488965723,19.24928653953934,44.441926197599216,72.56970927522204,79.48652149856314,6.916261395916969,7.7692674726579405,Low,Yes,66.16966278513254
88.24083969394795,11.246623790942824,82.37647397001452,58.53991563323441,53.59737010665016,8.074876374002837,11.508723746018244,Medium,Yes,63.492651536776066
83.40061470036574,19.55493096181588,49.51066433199199,75.9258779546126,56.41917555511308,8.5947115170068,8.937906980004872,Medium,Yes,64.10596090123505
79.97945775647389,5.982178029629081,92.09006013626473,79.6597440650814,81.19572912427508,7.730096083653069,7.92243437338939,Medium,Yes,73.4574016966305
68.92516765438772,14.09966647780484,72.60012496555612,73.81086839710477,75.48070400062119,8.440657265909051,5.93372636070992,Low,No,64.89832094038016
82.24948302848355,22.179788919873907,86.09467071649019,73.90320530989062,74.96409854150549,9.018533770022698,6.150299437343462,Medium,Yes,79.24341173540259
97.37816311973462,11.058634326171624,71.04016505554375,70.14723092179247,78.53094678665548,7.573789030557348,0.2647767042863425,Medium,Yes,80.36199985415801
100.0,9.921860070054759,76.94777192901377,67.38856982772717,61.778948734776314,8.237789326189214,7.828852254770055,Medium,Yes,68.52804503821254
85.96995964992718,15.339899549382643,76.59251845930339,77.35357750828689,73.94876790211771,7.467937095906445,10.933624305410678,Low,No,66.93446087618157
70.87696298664709,17.5449956784115,51.41112407719791,81.62088959893104,76.253710278961,7.677776718147045,9.855701692222283,Medium,Yes,77.44624794532615
93.89630795623437,10.68508008454548,75.5309972097628,73.51525264470196,62.71632036789219,7.41138054226523,0.0754171015131373,High,Yes,69.774453343417
94.38283805975998,26.407144114518044,72.75751774483757,58.337489354025465,65.9064452691714,7.554279090048724,2.2041886889252873,Medium,No,70.40638693702681
87.67050265869258,2.0891075920241704,77.23100091003079,70.40619372464438,82.4884757050894,6.222292796611742,0.0,Low,Yes,64.19831804259826
83.57620514978707,24.00800191173292,82.44598626818762,76.51413484394361,69.71046550665972,8.580320875077955,7.225803451853363,Medium,Yes,72.57136497444287
81.15444455770175,11.803794962028531,83.7768166591362,65.25117181275095,62.642319594154316,6.775577088519593,8.783728403763398,Low,Yes,62.93971327713333
75.1039517974142,12.316068626047493,91.05054955187786,64.98812345410101,58.81979557009566,7.593373288288948,7.4941347336470745,Medium,Yes,61.08263856703619
71.71813951101569,16.346710911359832,69.61638531712008,63.44720921658465,64.19004361442873,9.148661991373382,9.280929593223936,Low,Yes,64.92959367528697
93.27183249036024,13.315949538799355,100.0,65.97077715176358,71.09460047870235,9.361716119119786,4.946768772488335,Low,No,67.66374634358675
81.65498764159051,7.656358399426461,71.5653390628482,84.2630418580401,63.55294702119936,7.1840344375456375,7.99115323767111,Medium,Yes,69.18727051150869
100.0,8.13764275607603,98.56204884359511,89.85184509014398,78.21133042949762,4.914390367841444,9.712362443964324,Low,Yes,79.64772810159268
81.28559134004209,9.465538893008985,61.91737215710893,84.84189824106582,68.83825201394157,10.0,6.4971427794034025,High,Yes,74.2140905051085
86.22009814645361,19.45276494643135,57.93526360510012,74.86689595261677,79.09522847229393,7.81997333512316,5.218109425656104,Medium,No,76.78450393654
87.85865390724905,21.195277226049946,57.421213023291536,78.83429604939546,77.09317247601393,6.411438045266331,10.379194008909302,High,Yes,81.05212572035998
87.93072473298682,24.852090960818217,51.097528522411295,62.53747414987233,73.67789429450352,6.156855615613628,8.89836711489249,High,Yes,76.25814731314125
90.88317206484577,18.047947961475263,66.22691670933257,72.45999621682587,72.5788831559655,8.836051816246007,8.795262681121905,Medium,Yes,74.28996115068216
79.82711549899628,14.212458197446171,65.81674908773866,70.20121125442635,67.55779309800181,7.240462865881264,13.968146543837236,Medium,No,68.36765933649986
81.48486515958692,11.825683935922232,66.48069145063879,85.84821065713578,80.23524010965262,6.002145289786314,11.155453700825209,Medium,No,69.45926239540047
75.76766753889096,2.0,96.33213547473235,67.96886792018694,78.61754301114993,7.145694837642797,9.57693109800374,Medium,Yes,71.12953220907927
88.14247332595274,12.096684995674071,39.9420645338987,41.014132822673176,55.671572947464114,9.650613492641677,6.777333853352933,High,No,50.8616628905705
79.33702270397228,10.474344899883853,86.71482542003308,90.81962789823203,100.0,7.182875576460734,11.992390533951138,High,Yes,86.84781755771039
76.81779316766527,14.577007331645452,76.86659299227829,56.4124736993583,71.69156055372798,8.501037892852251,4.4484968725501215,Medium,Yes,71.93879460945973
80.15765927133748,7.742153887852767,75.45447823937452,76.77707303757931,84.09838529047497,5.839403571832375,0.0,Medium,Yes,65.51671696644273
91.21809962217196,10.54517648581171,62.63269379286843,53.74717736294291,34.4198681717558,7.569611882660809,1.6124996824640556,High,Yes,54.73915351808298
80.5381656678522,14.887747461324615,83.67044083262083,79.26802738275876,60.76724843766321,7.736378060411822,11.39671619555482,High,Yes,71.75283509056119
80.53485047932979,15.63225303687576,46.02813472174378,70.08376088844604,73.01662110900969,6.437508143725516,10.331999754067475,Medium,Yes,72.0558411759745
88.01547342333612,17.189766014797353,62.30179650292622,78.01768330728615,70.88562247558056,7.823230494765466,1.875898899410772,Medium,Yes,74.36586323047051
100.0,20.51537360745122,71.25739941894041,51.26129700750228,47.00961331669388,6.07203860501992,7.461576967700563,Medium,Yes,61.838257940181926
77.26210800896428,15.736021895968774,60.92883003192681,65.64176464534033,62.49758819724026,5.6748579346892605,2.7611006569308643,Medium,Yes,59.85207257039319
91.25667347765007,16.079364906920873,67.14941447497759,86.74106534433642,83.50223208748218,7.462391168108757,9.856623536687914,Medium,No,83.85837728170634
79.3981895980303,20.952254097219136,55.02909059028381,63.74489308156321,50.96525111519275,6.824797865121171,0.2360734619003253,Low,No,62.00232578642175
75.92436337958402,3.8007802975616407,66.17566309669454,54.028361882060864,48.46389032981834,7.510523766292706,4.775944182570365,Medium,Yes,56.30708914743257
76.83064329012764,13.227118091825037,74.30993356604515,79.55567578063159,81.72687824922104,8.510166406889574,0.10198925180705753,Medium,Yes,77.6751164532007
86.95845255097682,13.659204105768888,88.46311769732102,85.29617034362575,67.8176850451884,7.026145725662536,12.725969829672062,Medium,No,74.32984011762582
88.82409746184051,15.557069406846688,52.48330673098097,58.53908244883793,59.56087185408528,4.651262900759202,2.5964636438444053,,Yes,58.89832997577581
100.0,11.971350472630697,51.51215027847236,82.08506473501757,94.1130644907476,8.059907207711582,5.140180647684195,Low,No,81.37516072509557
75.22444755201448,18.784870107328665,36.71049440878697,80.09272725433215,79.50544829366717,7.951846036004331,6.577305886904147,Medium,Yes,78.90981456367872
74.98379990105084,17.108689245249497,55.72122309966647,50.219003444924155,48.57957687149967,8.236233891025826,3.4766177968365746,Low,Yes,59.378688177948156
77.80155791605291,20.301959624920034,86.81546000986707,50.400704657070264,51.12949037031549,8.485296600483366,4.334246267007898,Medium,Yes,61.72565020754226
86.86609123156359,11.274914410493304,80.0298220713686,81.57983553065398,73.34954821380242,4.95187043525446,16.242011837422737,High,Yes,69.56831432364831
89.73832920911788,28.514614832065853,65.23427354865649,76.31290166199564,68.64492410146894,10.0,2.32792375344414,Medium,Yes,79.04002485833576
71.48315394383667,19.067251917185445,93.59529587822284,78.94928134452155,72.70168869864936,5.720278433982174,2.934709900874295,Medium,Yes,71.21645544755255
76.84189715034562,16.687148543816257,68.86073464536216,82.29895430021962,76.00295681489878,5.671697341684081,6.529988573982582,Medium,Yes,75.15944010488109
74.87168879665576,11.09149197831331,66.03227738034084,56.76784709427789,54.92915507087473,4.674300593137183,14.714248695966647,High,Yes,58.35013799433318
84.49761890550863,13.83804324432169,78.2089719606695,64.47871462545785,75.71324204602845,8.074222372217443,9.529145970396863,Medium,Yes,73.50663522264253
88.43618289568461,23.859242098355374,65.08157925230623,80.10587919888276,75.03068750934901,8.546233805753102,0.6199420642773248,High,Yes,74.0997658402349
89.25457561784965,6.722291011266417,89.08530250160152,94.68737476185945,95.15196009776449,9.147908028633665,11.237776405610592,Low,Yes,78.49039043529524
78.62260015748684,20.81674320316042,60.881871089862734,73.20071137105069,65.62207696621849,6.094258771885295,16.119710997007807,High,Yes,69.0672548334876
92.55391225825755,14.269514949700298,74.91819286239036,80.70516819031948,67.3655085402585,5.377236263024023,3.1851584026742668,Medium,Yes,70.12047765805525
74.18936672400102,20.227783784743465,69.41039068558553,89.61833654105106,92.24589802173057,7.597977200550916,5.048771850296241,Low,Yes,81.34910644892408
83.72082408519233,19.334288146966628,60.9120876886166,71.37383295620855,58.01645367168563,9.551804705693609,8.772870406634816,Low,No,58.28961218667974
72.62184501173151,20.740213900767504,55.28251703290478,85.51746774603522,89.59324303237537,7.919493049494427,10.075692960359593,High,Yes,83.31275642167977
79.69003044998182,17.563166171230108,61.91315945276532,57.80217822570346,65.25513429228664,6.521528435657518,2.025627984274208,Medium,Yes,64.27008180266303
79.26337993119763,22.90269040403919,52.36608091562722,70.67952877491621,84.29527782680671,7.13426596759341,9.332631066517738,Medium,Yes,86.94659537337535
95.88950596967366,14.221075801599444,89.81956048409518,63.14551990919101,69.40088533172123,5.9120063613325256,4.688774160493908,High,Yes,68.90994282760376
73.49006422577698,15.228020869009201,97.0076677226628,77.28508667910069,66.28799689405933,5.961640459383385,10.286063742324155,Medium,Yes,72.00323516602448
68.39039066484008,23.042702676138866,72.72139930170957,90.63933644779277,81.74495304549589,7.3135452536032295,8.749707020506017,High,Yes,89.56960114924183
71.19898541785109,24.644073456119955,82.3907075716226,59.68434700153997,59.05359568745989,8.620784931836267,4.875343830141771,High,Yes,69.54854127750389
89.47708560017315,16.339433484774958,53.40559731382549,77.23699403692855,79.09679951208746,9.664582428103914,6.388623148344991,Medium,Yes,75.82259587318269
91.90143991711112,22.179429009986947,60.561049094608165,66.49174850843411,60.57793336978657,6.971710986704141,11.561021310047959,High,No,71.86196970244617
91.79597748934675,28.263138009548108,85.11270534755383,74.53176576746947,72.25779684547211,8.349518466258822,3.4733939019454243,High,Yes,83.17847678976966
65.40329876120225,6.213750718741078,62.36554561438752,77.04556525195885,71.71676304684995,6.375941588396046,0.0,Medium,Yes,62.37799754503717
66.10459269054469,12.668889281466685,71.5863068690722,77.29892875432907,60.37090187904374,6.4336970098259645,6.0977273607121365,Low,Yes,55.07570604457128
100.0,23.827021964961652,86.76098223853691,54.80809567052777,68.3101407244585,7.717957955565117,5.313305384300866,Low,Yes,70.43110108353372
79.2418175935532,17.667616009320845,66.86029270630958,72.37616067077957,74.5370272758756,7.349702519596722,3.346255371122048,Low,No,72.16479187347099
60.76120673371044,20.685158772737147,57.305260338013966,92.36766839270167,85.81561374716063,7.9477048174669145,10.0089446668117,Medium,Yes,78.54357351129528
79.47776955719029,16.732161775679142,87.69587812541064,66.31211601908869,67.7253814580059,6.838823625128134,3.5273582052654904,Medium,Yes,72.96957962658146
79.5508091319105,2.0,77.49796185610558,78.37211100338168,78.9568388892071,8.22808490576455,11.737238677408303,High,Yes,78.81081984246686
89.08252755714472,14.883482364673604,78.44321290261533,50.77814562733634,45.08349108851039,8.427409765860917,6.589192001556336,Medium,Yes,62.653634662926024
86.73180925851182,5.442037598809984,72.84559251415594,56.57951702961168,35.736363218771444,4.9841123426347,0.0,Medium,Yes,49.671168877520785
100.0,15.85765856858224,88.8572382529386,66.15875836862854,58.07578115178148,6.118349184123391,2.4377247576359427,Medium,No,67.97021364844359
71.20680771985472,13.151794294885553,38.694594720968965,61.8315801723472,50.836681119795806,7.6324424590858335,0.6002974485549082,Medium,Yes,60.337958446801004
90.62969236690572,14.979753255534288,60.81644898238375,75.61437482257303,77.06005149717909,5.541578917569075,0.519893490542283,Medium,Yes,75.5676788012047
92.60414656144297,17.442313722747212,72.99715650578071,62.40413401308071,41.47868371980523,7.783571992020266,0.0,Medium,Yes,64.7749283410165
80.10560557481777,7.593906768720467,60.89702233214237,52.87447699823105,48.4882662380207,8.006752089648483,3.084162999867351,Medium,Yes,57.6540818172555
96.43754043206928,10.138485377913714,96.379307262927,62.205180817209296,71.85979443385054,7.218818683765949,0.0,Medium,Yes,70.32326209904586
69.16097176514276,10.362733993058345,78.15219068005139,81.81723846154375,81.1681121640005,7.487829295019156,12.241022118123723,Medium,Yes,70.45898622331843
96.58595579007404,6.662565199418424,77.47332622745178,69.4909162773721,65.95718386106304,7.0896518608748815,0.9952034534652885,High,Yes,74.14598786045806
64.18070592116278,14.20419752170456,64.72878646429402,80.08880233822141,85.61485400882704,6.271852987159884,11.849018416138914,Low,Yes,74.76059019703253
78.1997527842151,11.166229513862987,70.31329732443943,40.116141368140305,48.942407640287996,7.821722042435971,2.907881161589188,Medium,Yes,57.35892655879355
81.25179192450402,16.206957935237035,46.966418151893414,78.17730373173576,65.22347763755376,6.602792971885153,2.2984309694281757,Medium,No,60.6191308951087
72.19570647503717,19.035442207216388,72.17331749645336,68.70519583479539,82.16298454327428,8.368471477022842,4.346304917454234,Low,Yes,75.8396812136821
100.0,15.452601833409556,83.430331461439,65.24382753287844,72.39012535115988,6.022408876179043,7.188908886340346,High,Yes,77.99700630539311
84.73486124550783,16.304597239078337,67.55810640891559,71.6023332390748,62.347918418893286,10.0,0.9389663636591399,Medium,No,61.70973034924218
85.64280019095463,15.262868831874657,91.29404506770456,64.83778840649562,84.07463028998546,6.685382489272712,0.29592753151819196,High,Yes,80.80725534270432
90.93101257968384,15.75827747727847,75.00789949852802,85.46636400087573,77.91773260508121,9.253234571028946,8.082757985690675,Medium,Yes,71.63027715128567
76.9772273077838,14.162462231068957,86.88152176622154,87.84732671975024,90.35504058967312,7.29374128228322,7.39969486099757,High,No,81.31471306731844
100.0,21.435044023858815,87.54384988641661,74.07334745732345,60.990797398945546,5.771510717190612,2.7127406863146164,Low,Yes,71.81395952894533
85.67518481410109,18.04701453773774,50.102918075333754,68.61397724247372,45.84630646922079,5.7850701427645825,5.083675876313161,Medium,Yes,57.570701375404525
86.84836123694873,20.71724728321763,58.625768966686145,99.50491248172493,100.0,6.802282354462196,7.968057122267594,Low,Yes,90.83905592771623
80.40639100459757,16.05864933166335,50.211292081018485,66.65166147363523,76.8713169593633,6.426791679573619,11.724608471046963,Low,Yes,68.32165703365405
89.59180079228437,10.4870615664565,50.55825003625158,64.37701576650933,58.55731276287269,9.53069471370756,1.4714034371359732,Low,No,57.85063939691203
81.57312405919652,12.649451105737068,73.90663395000334,61.283768255115255,67.70124279263993,6.430662887730427,7.476065751300668,Medium,No,68.778950209809
92.51933032686775,21.303926376045673,67.13458356099747,94.86488535705953,76.00735443967282,8.180204413717178,4.623607886950668,Low,Yes,81.82040443894815
91.11676288840867,16.564042594943444,65.44410956835003,65.59495774650686,67.86489382525619,6.874422026318043,9.41760800448288,High,Yes,74.81418541286693
88.46448209496975,2.0796593183777112,94.92205248592028,70.56951359463065,80.67646202258044,6.177330428403211,2.4651234372357487,Low,Yes,67.17140616774341
85.46980593764742,19.3137198639904,65.9251733451092,73.81385758512833,75.15565150819964,7.309312327507096,8.017082992153536,High,Yes,81.7658553522209
99.4376460407326,11.07740196810708,92.8150934073907,81.84608650025419,86.987950807707,8.171513323166263,3.3261803565872894,Medium,No,80.43513659807316
90.1378595091221,11.02259449469431,75.3342002317849,84.96230174235131,50.927344590602004,6.592840561214574,6.516749893326842,High,Yes,63.48497558435428
86.98084760767856,8.960744608322154,72.57759009690297,76.92587548768176,76.30894899454131,8.85416082654457,5.554724604808797,High,Yes,70.94166742625896
79.44522880839746,25.651865355657073,82.50000867670461,80.92385817171781,100.0,6.635755993457627,2.980535213712316,Medium,Yes,90.63349587833625
93.77362290575671,18.09706972268975,71.40058561414976,68.42159642199873,68.5888155219798,7.249109698474707,14.364377090929908,Medium,Yes,69.16894107554444
80.30525614065049,21.29731629191601,79.88868502648607,87.99229264664488,76.71186642813596,6.318920013634755,10.560271385980641,High,Yes,77.04990086345265
91.45484181141076,7.836449961605668,63.24980713006279,82.03085041397578,80.10003166844638,9.20561709052497,2.5615459444861837,Low,Yes,70.1949572072785
87.08863595004756,7.645406021985952,75.88623950768151,70.88940958970682,74.79205187027848,9.822113874043335,9.450173938460681,Medium,Yes,64.47835791969803
75.14273953664457,16.44451907693141,68.99232564925967,73.46814382178172,82.92442086403467,9.245510511956851,1.6063631281497894,High,Yes,75.95639249393942
96.26565029547757,16.954777899493,92.78925885462652,81.60957086728396,83.39283597972948,7.299584902575012,4.62209116499019,Low,Yes,76.3641162907904
95.32465260551147,17.24433941908543,69.81866578230918,87.6974199010458,70.47194220914103,5.420418681621099,7.207493522884047,Medium,Yes,73.01400729821573
91.10370265433465,10.465529043042931,73.75300309377542,62.69096779631667,70.91795662529475,7.864283437281352,10.510745178065715,High,Yes,72.47689712736744
95.5364179660784,4.016202618861259,67.73743432649957,69.6213046043982,64.66606077803499,5.572835586168043,7.463039944371662,Medium,Yes,64.80208210563788
100.0,7.474263460984504,48.27112878049684,90.74380486288736,80.52884567974681,6.560291517581001,0.7164308699753557,High,Yes,80.97640771742958
98.45420046154977,10.991135486766037,91.15688717805256,75.56321882472443,80.61221494966371,7.771981248960669,5.843351538228962,High,Yes,80.15076337428314
86.1422764866204,16.99188198341409,79.38262025246553,100.0,100.0,7.740594868533642,10.193599551254163,Medium,Yes,91.2113772867491
86.91099068019903,14.356187135974627,47.24239454992481,94.37734548851822,92.50932675841567,6.127504777099543,4.531184263153007,Medium,Yes,82.8149514709416
52.58732659930927,18.232535954678216,88.53673287733231,64.1446275000748,72.49638812491344,7.526905675984332,5.36864996063896,High,Yes,71.90455658231073
91.54365656354058,13.249132386506735,79.77282987009258,75.40832893286678,73.46421539217611,7.991437763506966,8.726973635260567,Medium,Yes,75.96394829634191
88.07299520876609,13.258352734868092,91.02397889419645,63.65391744068722,65.82041957082174,8.11058929939633,1.4639192562601675,Low,Yes,73.59385023415689
88.32314011979592,11.138890617719142,85.26492200265254,68.39861660476153,69.88362793747035,6.348682611205829,7.458245909421828,Low,No,57.97535868016673
87.50492850345877,9.051645903262157,67.36218393351893,85.10380434542552,78.96862574982877,9.930990513177164,13.568767043332272,Medium,Yes,67.16569791884625
84.5228864385802,20.174360834296554,74.33085494237535,61.518071601124824,61.5905973339314,7.67149621265786,3.3131168429676907,Medium,Yes,65.12918319327409
81.64215300709871,15.145316740036549,97.13959524599665,69.03681569858426,76.4655795909864,8.14368745439498,1.6038431018725632,Medium,Yes,72.0470002424499
92.08356447299353,17.8061590305926,66.5567701695948,59.0066712302442,73.60457354555777,5.303275271028998,4.16056295073944,High,Yes,69.37288928859634
85.865897874729,14.399075541120283,46.210250316430624,68.62254538368941,81.96759434793165,6.032682579887999,5.935107529616235,Medium,Yes,70.01684819608397
85.28318376130461,21.45604283159159,64.60555491321307,63.079695605016596,43.652212350669615,7.81214923350009,4.871496892264355,Medium,No,63.41793918752841
100.0,5.846062112579432,70.38082630813615,63.9052306274628,73.54512864735764,6.346245367099554,7.609072308805192,Medium,Yes,74.68443858462938
87.11017467202619,21.642484015721838,57.72357001086998,57.76908571357767,54.35485235271099,7.304419776470864,10.290167198291035,Medium,Yes,66.67935856634126
71.79543386915724,6.359694704434233,57.57254462829631,66.45391362988748,65.56949722811251,6.946338924218438,4.512883953906046,Medium,Yes,61.213398496914486
72.63049289121918,8.422349478628789,45.98644032285227,66.50848926213568,70.43969977579665,7.050857067405077,6.254596245986071,Low,No,67.69499974729818
96.89016531107552,20.514925041660007,73.308121405208,61.71411819837058,64.6886507780363,6.025693932013615,0.0,Medium,No,68.4614988095002
79.35921369263272,,64.1129334090869,65.72917501492512,52.00971527861749,9.877798693233299,0.7955629344346189,High,Yes,65.03599467687798
86.86766764477078,20.85118577869458,73.61982902375172,48.87521944268575,55.59910544698087,6.7393503104030605,2.1815275921997594,Medium,Yes,63.9554160302667
83.55639588076058,21.839271366774273,78.29876829977175,100.0,81.97719972860456,6.394185351623346,7.196342936084424,Medium,Yes,81.75427476158126
77.81555778747564,6.798727809507474,80.4021836787099,83.14717548071134,68.7990336716544,4.8013333117665,1.3220774831879334,Medium,Yes,66.6812019698371
87.13979910734221,9.896877274744199,51.43506366509053,87.28236773022414,92.72604318650676,6.302284722454024,8.396413327454379,Low,Yes,77.83705740796806
72.85811387212269,3.147200601876772,80.03112483388769,80.70201295794458,86.85443799128599,7.188981175937833,0.34909696439777527,Low,Yes,72.2469339466126
89.73237624573545,9.105075638770142,48.64064271324783,60.63853624288426,85.93773323702655,6.7572726731622454,7.667206297932456,Medium,Yes,68.33255275176464
70.98148937207719,8.141970523617099,66.05663756187599,70.70364744303616,71.56858672413156,7.116439856039871,6.8414684541635475,High,Yes,70.28709584241126
69.84255885002769,19.86484963895869,77.2581497678206,65.52793793136391,57.60843663480931,8.673636251529762,13.385583682396991,Medium,Yes,64.15977569991472
67.21279751095722,16.938475638696175,83.45599295330697,58.805085461381616,68.02709537311246,8.27840299240701,2.8513037200520146,Medium,Yes,69.78963938004414
86.84633858532304,,73.6592979686275,67.76615213059246,70.5528350514625,6.711047871250078,8.733298046064368,High,Yes,78.27293650600627
84.59842049355656,13.830550317883914,42.69095049177224,99.18330132552768,86.48375335198904,7.605546664974031,5.766279524010047,High,Yes,82.4456380853253
86.53725105945527,18.314939726502885,70.28721666123629,52.402197503296996,41.02505793625193,6.795725847857834,4.093784794265901,Low,Yes,51.089293986393876
99.96044311489183,13.485878987242275,89.12312561918083,70.01743478513674,60.62327760933836,7.2452358877487075,6.813437839995071,High,Yes,67.94091235456253
81.14686403138239,13.145301214784991,76.93886939280927,81.64869325339089,80.793791585901,7.294756854801702,6.226966733187278,Low,Yes,72.23070018455674
93.49602097021025,20.03094464670985,57.8760141753861,79.05628177322049,73.25471513585026,6.09814540018825,7.74494281920422,Low,No,72.97860946151891
69.05572341205632,8.718534103908363,59.1739366999412,80.8971534326424,81.50105977329963,5.7746817120989675,7.320455161883775,High,Yes,69.49916672975309
99.02794310936099,18.832381332175107,69.71109430398408,80.89449198494395,86.20406053418982,6.890855417386807,2.952701313364605,Low,Yes,80.78262755610363
89.82472415243186,5.576996378260938,90.59272712014796,71.0305293080693,63.87229398147081,7.641012492648723,13.811669529958042,High,Yes,73.18505943307645
95.83051243175277,15.733785018193704,80.79636913222274,77.66747826961024,64.51183878151787,7.379347307595972,15.167645067274744,Medium,Yes,72.23435825586316
67.96617560644845,17.94584970982951,63.44853644142674,59.54030859043755,58.27222894420767,7.61019025674596,8.021348590589394,Medium,Yes,63.90690740760896
80.25054688839043,15.204500809555356,56.51823927515308,80.29568582039096,77.84992772797935,6.480213572016181,8.149648011281522,Medium,Yes,76.01237852754768
77.51513463443446,20.567040768487423,74.07242966238472,73.23569491882981,77.35404000572717,7.973514518898212,3.2793060946081964,Medium,Yes,77.05064800301899
91.10585745283824,19.560335782137614,54.36933381635345,60.93319495876032,52.86824101246616,9.717865769456097,4.937629466950354,Low,Yes,56.743360916770186
88.34456789987026,21.7602308209655,56.69978616574814,94.84340722190743,86.02707897491179,6.362737315322106,2.776033075762338,Low,Yes,78.92235191163695
84.04704467613048,4.193653595083566,80.28261608185306,57.01180847449918,47.189075921022194,6.918090874174831,10.275169285577169,High,Yes,61.49762952131118
79.44800473306802,7.6227024332854985,83.03731888745345,83.05837406074863,89.10633302482657,6.039957731156808,2.870584309992026,Medium,Yes,76.39918321072348
91.48709887589642,12.779933820707233,100.0,87.01958190250272,80.81525924524807,8.408076085472478,3.8448387816931566,Low,Yes,79.81573936103088
79.965243458838,16.972574461820884,80.77278588561902,70.06208226525384,85.60554010625063,7.317392609649508,0.17978157963779218,Medium,Yes,80.97025883161746
85.73317967188405,17.541594393560764,84.11965871151224,79.44073338322747,63.40530646881947,5.990505965486153,0.7513471952179289,High,Yes,68.7793779829812
85.05243699718183,22.114224927977983,61.79979873119102,77.3457807786395,65.34921872092777,7.8412378783636605,4.53729166987792,High,No,77.02375873790746
98.82158991037527,14.469822244767988,77.62402959511884,70.28336691526319,58.55615677251074,7.741155161731772,3.169790858823575,Medium,Yes,69.17265320517939
82.52481364448495,14.777779217709528,66.37753831193832,60.258674024810844,74.2055842971983,6.772831098737001,7.296145770826133,Medium,Yes,66.77500155820572
89.72597482413043,5.302136349380472,62.03543653282053,73.53531441454467,81.05311640126394,6.862649418134296,8.038732308969315,Medium,Yes,75.43972604458092
74.73484700588939,19.487461536705204,81.17507969315922,77.6908169344235,77.43600311940997,7.393559451195235,3.476614388211245,Medium,Yes,76.35818901938804
85.81874139386322,27.87089476664033,66.29461448881005,83.65775188508812,60.52179839393803,5.761258322407349,11.480407414441483,Medium,Yes,73.6768415244539
100.0,23.473323332492576,66.72931156911439,72.80917230744551,72.25259511926151,6.528544457652638,13.186660806700068,Medium,Yes,74.16293607604959
77.99879185060827,16.435481184666898,69.03717734337253,55.66119169076607,73.10470706684714,7.298386576589664,3.131272397110114,Medium,Yes,75.11425490647257
92.00309879408991,22.889486721504284,79.34066835850403,74.73265224979544,79.53189142923821,8.223841854061865,6.63237950346724,Medium,Yes,82.89933582114445
95.31844539468635,13.388816112565006,97.48835565218803,59.82601911654041,64.95166954865799,4.277625201860534,0.30416755120957273,Medium,Yes,67.8933860067692
88.7721187506452,13.283974668719335,73.22069774755789,80.54980348880225,78.77041197989897,7.399986980831813,1.4757310579896492,High,Yes,77.52437323512653
100.0,26.239786657305274,76.14644193939246,97.77320420095172,92.00377082772704,9.259089157359234,3.3818657160067604,Medium,Yes,92.7647291345387
87.89168643907819,22.594247045188204,61.16699759891956,88.09034004724438,59.88112483575676,10.0,6.368220549247968,Low,Yes,74.56331147776993
100.0,13.94468512540598,76.82111368211702,90.64209518321711,80.92183407729011,7.10410985680494,7.12813687683737,Medium,Yes,78.66459590311902
88.4175597577716,22.81044773639279,66.54398928691349,65.20539306549642,58.78098378829665,8.8212189029844,5.9024057310553735,Medium,Yes,67.29422157530891
75.33023856870787,11.239696652460209,80.98738154169703,100.0,92.86774112382587,9.589644502100285,4.892442576924786,Low,Yes,83.7478200902799
76.69049883588963,23.86518048633157,50.16313064884645,68.59679632273,67.32243456348832,7.029890935166954,11.698510928308973,Medium,Yes,73.28258595404317
70.69858622039368,9.576554151211262,74.79477738878465,70.4639052117814,49.36941584372959,6.542513634951678,9.875079582725412,Medium,Yes,63.51094873862515
79.77139972846732,23.46559427847762,69.06993985950952,80.85072356504062,84.5754519916508,7.241250370831752,5.95080620276777,Medium,Yes,82.5884197340847
84.67305251905907,22.04084314491195,90.72181118035729,67.63052921990021,69.57290100140712,6.4401223239420275,5.486946078064677,Medium,Yes,73.60407992777773
74.62753845673544,27.369021459818388,65.81555604502287,84.78601226933115,71.29849107110303,7.045744448097652,9.98906227063549,High,No,82.92331209908774
85.60230209941027,20.220406384132524,70.61378763093582,71.38968303431008,85.56066996898599,7.1521267394979455,7.92234703371085,Medium,Yes,79.73578747751652
96.59329803364248,12.150578060264854,66.33879289488698,85.07362205422086,81.98245271456159,5.104239929305161,3.18835424784173,High,Yes,81.30353128075716
85.45571839903813,14.47030770989247,40.44844273432247,62.14977097578674,57.39626328500005,5.932763040039999,5.263870403203989,Medium,Yes,59.42223789826829
87.23787951638899,13.744668757532834,59.983306652966704,77.9160566646528,78.8634065728495,7.656933685638062,3.0660717332868823,Medium,Yes,76.72184487897916
72.55345296688583,24.748070750817362,36.91650914351396,87.9838177109993,86.4812177484628,6.745704308144215,6.751201352170088,High,Yes,78.92468212343488
64.2660976759185,12.799053529111875,78.7303985062709,85.4677845603414,63.51409808806824,7.255207664083609,3.3372261404258126,Medium,Yes,68.90108014102233
94.59270826085206,5.318631612739553,77.52674104251318,96.68635972365462,89.03383528548113,7.118554341960622,11.097713706750326,Medium,Yes,87.74632231770832
64.58265131575709,19.525747978881448,79.03177480588725,69.34483511156976,75.37361472598691,7.567667378488097,9.849380677066279,Medium,Yes,75.55489526375285
78.76859473575236,,61.775968076123846,68.70405111519837,41.84466521689774,7.491761586166187,1.5183283242544432,Medium,Yes,58.029792581824346
78.48399652394183,30.478256025925912,83.38896007448963,97.93702904567668,93.60075289580384,6.8916658498538625,0.0,Medium,Yes,91.00451351362663
87.71578837195374,14.039203226600158,63.80503266784849,78.08638764427113,73.51406299592585,7.55695446374138,9.560230929901838,Medium,Yes,74.85097771563782
73.89424154534171,22.30295112495298,75.2447507094954,75.87836389202033,80.04254504290283,7.415546727158309,6.121905655682515,Medium,Yes,76.78700977274673
81.89733243406543,13.168651773871995,60.741202201796156,63.21235703547222,75.52773985736624,6.9353541250121555,3.8842129491012045,High,Yes,73.64936882805912
82.69065469791322,22.124316309388508,70.23427500924404,84.39448481938287,62.90900562408786,8.93735570214944,10.424926235439875,Medium,Yes,73.93318957499146
92.11614878088889,22.969164851094348,82.2816646563229,66.90079177451338,60.14710229369135,6.568161975484749,7.757944192034047,High,Yes,74.50882458853373
71.40143859020081,5.574743087589004,63.757083926721194,90.90518530914095,78.66831236157897,6.988639795738826,1.343797470376698,High,Yes,81.54005956129915
100.0,9.152824171976151,93.45120038248163,75.47336457888888,72.44392625532677,9.478481977626286,4.838184335088844,Low,No,68.6759317679686
88.22718560338089,6.1265305873552265,43.356471506525196,80.49801737746438,82.26303368174361,5.03155032608182,0.0,Medium,Yes,67.2802628231931
89.43819428146229,10.769928865449547,30.936792150592986,89.24081544212797,81.55151056803831,5.247594094959902,1.986244386001986,Low,Yes,72.74735435847545
90.17659020469122,9.435881194856556,32.05659883458546,63.058218217759446,80.18414383551757,5.077139635512722,1.9947413832081322,Medium,Yes,70.92295637944206
83.74213079900352,22.686098170410677,80.46854908808541,84.16835737887432,71.58816117397443,8.342973788343366,11.8217379356613,Medium,Yes,79.23383822072505
83.4199210142101,11.138701006095229,72.95938398446809,72.16836015346834,74.38167864590844,7.381683657542079,4.426470809021372,High,Yes,74.51285185888682
100.0,19.24865206013154,87.91164104571058,49.17139746468983,66.0137886582881,8.432273541909497,9.67948606381772,Medium,Yes,62.71968120647962
93.72320636720679,10.9855635680405,64.60347031316371,71.64227589147593,46.43299951544423,10.0,7.430645466524357,Medium,Yes,62.29740008132499
77.40867338446301,19.452572232055843,70.4919549311738,88.2708050922877,75.71484068839831,8.210756792416683,7.757810761831962,Low,Yes,76.43089765074512
80.28068134210567,13.88827404673375,60.25940442517861,78.40501228393802,61.14947970905912,10.0,8.083024481434844,High,Yes,68.40944477866323
92.09003757588512,18.87129351570034,54.15163535859621,84.22607611162677,82.04872770846526,5.549386932517509,4.631405395491044,Medium,Yes,75.43287571394848
100.0,13.650864109151529,69.26654224788842,74.46128363852955,63.66616750202955,5.862213375177103,2.5283101489953856,Medium,Yes,69.69859881775416
69.84808937801448,14.195896999962494,58.210209510475266,75.6271018859698,85.88882716834841,6.751957889996299,6.517472026815274,Medium,Yes,77.96352986053844
70.92536225623445,20.60591946743564,57.058363539353195,94.0869848714142,70.03912177652866,4.558507831858899,11.090858935885059,Medium,Yes,73.32795088971162
80.12874616235304,12.280631704036349,57.61884205031567,58.53041342539079,64.76534337382465,8.210136929740816,4.967817937555354,Low,Yes,66.49096659868987
72.04921227936384,8.594802514474363,75.96890574920214,80.49366731910942,48.02230787353518,7.47792896900171,5.83411288800341,High,Yes,59.96080053066906
91.4084286126701,9.708752092633693,51.37359136777563,71.15642634556029,100.0,5.739115447803658,3.89044375344152,Low,Yes,73.59821511275806
91.81500697372624,10.223844859179065,43.21200262098833,77.5451202368901,54.78786661259883,6.890189834362279,12.289592841081308,Medium,Yes,68.13208895886946
74.78767182869287,16.52243796896744,60.94029061046156,89.99405880847391,83.027318434995,8.672441516458647,11.78625316500547,Medium,Yes,80.83071876487611
100.0,18.00506684966674,81.3688277488543,64.86070273687804,66.98223503832914,7.687267346913697,10.6535042206542,Medium,Yes,70.8174184850302
87.23884024279131,21.890674255180528,91.83733483220149,85.73576625088647,78.95684880064354,7.015313727630375,5.098949430034586,Medium,Yes,83.95757802815963
100.0,4.508808160570915,80.22039265664422,72.41268505718374,57.18331989659878,5.047294664169645,7.0270031946471505,High,Yes,64.8100574301305
80.60268941725825,15.880758071913297,60.46663237893395,80.0422985147399,56.889008254443254,8.930330882343121,0.26507990075908605,Low,Yes,68.38641214685869
82.2727643025233,17.56984258324589,58.22857137808445,61.63144259805608,79.30501024585843,5.108462963416002,13.19392034855247,Medium,Yes,66.1246955199572
99.20504247989855,21.00349390825787,88.26938728458337,70.6139287561768,81.24542729351522,5.542089937843703,6.089356957274432,,Yes,73.90768591009629
80.12393775927507,20.4815077573995,30.463783914746834,82.68651522089728,67.82454689773343,7.290691647204046,5.567444038434333,Medium,Yes,73.19371963277726
100.0,14.09236029807893,61.44472950379479,52.32420849484616,67.81939512203327,8.668627102251111,5.690022800428048,Medium,Yes,66.78863304330703
92.70865193886966,21.98843612674303,84.95288160198712,67.34060728165807,85.34386417657879,7.432055342308991,1.9685283471114792,Medium,No,78.51530244340152
95.53152853332904,,57.27357048713778,71.09266737421795,57.124805482478926,7.072567091952297,11.596911800284637,High,Yes,68.7876975918193
79.98242956415463,17.58024988314642,51.689313611287616,78.71998779798666,72.86080174980961,9.989607967023382,4.6678495237849535,Medium,Yes,73.28884093997543
90.04987278980457,11.509914516308138,99.64660876773229,54.97680889346166,52.58484304786708,8.1010473352816,11.33020587066051,Medium,Yes,60.58078029240636
94.240270192069,18.08344709795349,79.33104985459073,86.19753686809284,81.60141780249698,7.074038750923651,1.4806005711257608,High,Yes,82.8942814340831
91.5655360863383,13.051011698948265,78.36536591087687,78.75821368637976,75.9724318823228,5.84378552461838,0.0,Medium,Yes,74.03565408486145
77.36740843457483,12.766759343573682,83.82702252965878,68.01861559929534,79.41431265692202,6.172381778062555,10.478751114213525,Medium,Yes,73.10387691501984
5.0,24.443920579740197,100.0,80.36247000963237,85.82076087059924,10.0,6.277348646861392,High,No,83.26364804025648
93.35692112065142,14.834910569696182,59.35630217876241,78.97021565538694,64.87721376061188,9.227026720382014,7.120181370789618,Medium,No,65.52189286270631
76.10485570374476,19.55357153872059,84.81001774883653,63.651047271638625,49.12770090771804,7.571873735256761,2.4640045730142375,Medium,Yes,64.73473840404142
100.0,17.030903060770147,60.132481692217944,76.79236178725426,80.78905458246692,6.148989112205868,3.8196510800176386,Medium,Yes,76.24998298730242
97.06508966508358,18.365516687647432,65.68828720899467,80.15208987362081,82.81557539430332,7.245050209784186,5.834834552861354,Low,Yes,83.84483992836645
81.12298440064016,5.025048071785953,65.38287293291674,66.25846053983588,49.53424660562125,6.480214327299526,10.122639232966238,Medium,Yes,58.56605903969198
79.29253706250523,10.976278745540132,62.30205453229906,73.18440935720973,94.66562707817306,5.042142312709071,12.774188533654687,High,Yes,77.5183396371236
72.48460575809555,9.565606194824287,77.00006472949121,100.0,97.89919722180852,6.340111813891074,0.14010101558044408,High,Yes,86.87791196333052
67.9741639576216,13.180921302994347,56.802784697469185,76.74076495151257,78.45260962318346,6.97146457688494,3.2780238089438094,High,Yes,73.60407998005596
70.36485051867882,14.515700519348506,68.8635357019681,90.35357917989302,72.92795300498075,6.784896805143395,8.952948923264648,Medium,Yes,74.79162777853577
81.73976467832159,20.3042723781663,73.83075633511476,89.33510664616477,84.72759802431969,8.096377008125652,11.886340330279577,High,Yes,85.22313029571045
77.07479261567299,12.725233554075079,71.58841679672851,75.149991862887,54.18601657444232,7.077606340036882,5.133907209855305,High,Yes,71.97626713097425
78.75181422304321,15.420312978679089,70.65272002965199,78.860142496518,75.218290061132,7.224500600655502,0.0,High,Yes,74.63733890868224
93.2940558118349,17.798579894601158,100.0,59.759266935455614,54.33790996059115,6.0240893102613065,6.635024203750171,Medium,Yes,66.69783007447444
81.3903383418092,18.520162808851648,54.74975307135254,81.40031093646539,76.15306741656084,7.282045879161191,7.892581813071148,High,Yes,79.34686224884895
100.0,14.169264096097358,71.13932901874131,95.34867453373039,98.63004040448135,7.156092030788483,4.476946384552782,Low,Yes,83.95825155641437
87.54420843301213,10.03871787576084,75.84421266056356,100.0,80.33843276629582,7.966412567856361,3.010177384167151,High,Yes,84.4280530052333
90.83928185325964,10.142378880470122,62.106282152238684,48.64646614680064,46.334806728831694,6.31514411580245,0.09494982399288254,Medium,No,48.584825578667754
90.1503526720866,10.788049873159467,92.26174042803947,65.72808665675011,70.95029984948027,8.591807959666014,4.402138038108588,Medium,No,69.12792836740077
71.79766792979358,27.080323485159738,47.55206117364881,74.11232563686747,75.12203004595591,7.323430293518801,0.0,Medium,Yes,81.5566321941397
74.18943459591738,16.279179769426136,69.52841244437835,75.09456221633674,71.06502403889765,6.858195674709359,5.19919498279852,Medium,Yes,71.49102060576931
98.53872374165412,9.17031576893609,54.94063941877752,92.86935729993948,75.36654939572519,8.079665137759198,0.8576359969758895,Medium,Yes,78.59247110595031
84.65011509503039,28.02565630498688,69.49581152944431,63.295607672661,52.47636352351881,7.951721606944734,14.542346920309464,Medium,Yes,72.59985433305056
95.44160877069072,11.445214445082634,76.86529879080328,64.31618582376154,69.77498618355318,5.399428141004398,5.243942809270103,High,Yes,67.93213906234531
82.63181393259991,80.0,69.00801078061266,68.70662236484817,63.27697594445897,6.591589608875934,1.2133376308624166,Medium,Yes,68.797754612119
82.65846625276664,19.18933988168154,41.59577999569321,81.6786374944051,63.506462613275296,8.079394898186095,5.143398757155245,Low,Yes,78.05559403360546
78.73032942212232,15.739228840706915,62.25355534168642,82.97643294399732,88.37763407035138,7.446090407081556,12.60229185293139,Medium,No,77.92061228296372
82.40408648636395,,57.28549107071373,63.120506489375835,61.92779073544057,4.0,2.5860180797546337,Medium,Yes,64.83442917360448
85.46436548156149,17.686301554861664,81.25868751282648,71.1356621460953,79.07742041570995,6.734442037311058,7.150255620669313,High,Yes,75.4647517602587
87.7996862631982,20.298658662882954,66.97762699078723,72.85088057980613,85.41506646388319,8.44632728305058,1.0952825687492664,Low,Yes,73.04930927481062
100.0,20.701845551841455,93.31240631072161,70.5530068511906,55.73688684156706,6.446227512996987,17.74162482555387,Low,Yes,73.60123986293983
90.7707212718054,9.009687364870251,49.33573748868644,83.24478955030699,77.26659547949784,9.643048242218152,0.0,Low,Yes,68.25366407227622
83.1601666364732,21.515892697050194,70.0554350777177,81.99285099808637,45.6907383398799,5.742232636933628,10.788672108991413,Low,Yes,58.22887540978252
89.89374561227918,16.94615569032962,80.97806056432444,89.7505774115646,75.8304519864188,7.25739038374162,5.795525227938489,High,No,81.52092249634637
85.05113456642461,20.497966048214888,46.693618509759034,73.44579303763871,70.09036156990337,6.279763154394537,6.932171806117935,Medium,Yes,78.98801788524301
80.65503772567685,4.18116194246433,68.56803629366391,64.28654981409738,62.37311739300313,8.612621955821208,2.544080603695687,Medium,Yes,56.48289515769742
88.47581705361671,19.84834678968687,90.12213873296321,87.83725745980621,76.60131942076075,6.923296321771665,5.106109979052244,Low,Yes,81.07345648625167
82.80899471191135,6.860509172259569,69.24693074437383,77.32862332327049,68.28548340778497,6.750559019099699,4.120942142651453,High,Yes,71.1511905933402
74.32379570617405,6.4691359995489375,50.506281446086035,83.18483388075157,77.07714139100412,5.362157621707628,5.6709852013141875,Medium,No,65.56847848750604
71.01432426180858,10.090806699466157,65.03037425225016,75.5426725079998,57.04398685772405,7.398484392359645,7.754317163684021,Low,Yes,61.75231663455692
95.57122226218915,5.5416470580945045,69.86049518292079,70.96494313582714,97.82200463980453,7.173558163194875,12.131493422545248,Medium,Yes,73.95353217632133
84.86502775262066,17.395338735631675,77.14536654034329,80.44210455065361,64.79793581992882,8.077200752142577,8.009998784517162,Medium,Yes,69.85182457595221
91.20672097550678,10.845474120756865,77.19162277129095,73.96716368650928,40.00997644859649,8.037568836156117,5.343402349112904,Low,Yes,63.60600528635014
82.86011155774491,13.751298856364762,67.61432184399924,71.27630753538115,63.35662386839262,6.490466388756353,4.967965855209564,High,Yes,69.4498269101498
88.57787360348283,15.751347015887443,97.06522164680115,77.22210644195897,76.49204674639842,6.803070124772337,3.7909549915495657,Medium,Yes,81.55824934271041
75.80575765766197,13.535060188256107,64.68938933588464,75.49590758724742,71.73900970828231,5.301332199904227,2.791202367859283,High,Yes,70.8804740162167
88.75698018345672,15.720187960309568,88.58419529409156,80.39062465542041,73.67543585111916,6.67168895473632,0.0,Low,No,73.51937010420838
90.9065483069231,12.156963917574503,64.22467282430705,76.71658523854742,75.97656842430374,4.4807374870208605,3.4669091811589094,Medium,No,68.99476040631632
77.69633368282864,11.655049289952998,59.73055261359994,69.98508545080931,53.2807452443074,9.369130209323115,7.16481102055213,Medium,Yes,60.99671960065514
93.81639756949451,22.575504620563095,41.204902657035156,55.82880996485481,59.09342386274244,6.73865174522749,11.28398315816284,Medium,No,70.90961393459936
91.3240773905552,11.264103829593289,67.34838755326327,65.61595808986756,72.38704778464923,8.037104364407039,0.0,Low,Yes,64.36090990178838
100.0,11.366306761578816,63.79802258315086,81.07158664147039,79.70291005523795,7.9304827069493005,9.626176628439856,Medium,No,77.54348368377183
87.80991867735032,8.379800362956757,61.03734707962538,67.46719312698593,82.31834532293566,6.473812517272803,11.795280433350861,Low,Yes,70.69017780782261
96.79297184063826,24.17081055847519,75.86043881392216,59.48849583417285,58.13345278315625,6.515623118656241,7.965782043577608,High,No,64.64374585708958
70.92488305282178,24.69225413681665,54.871679738856876,74.22373673960978,80.18444352606687,5.617237802036987,9.744224671744064,Medium,No,68.87667888517018
89.91919171506505,10.933707781487364,56.05733709711385,65.3661066725899,73.95552719716527,7.394038232045704,5.984783465316802,High,Yes,71.53850889477796
89.78979825746391,17.619358824946005,69.35764928032637,100.0,95.45786713532355,6.295365463570846,11.879137035149983,Low,Yes,83.39893717867885
76.24381746615242,,81.85557844077567,72.80219434736047,49.26476186589531,4.566741036215971,5.734204098762176,Medium,Yes,59.64172258262809
93.1351721736967,18.584400419099147,51.41339386519149,80.68166278842274,85.39020082059346,6.369179070919447,6.175315197841713,Medium,No,78.73497602113294
73.93665025993971,21.892594202232623,75.85697274893334,73.87935769320062,62.206443088368104,6.797707101758368,4.53887656718446,Medium,Yes,78.06049514708194
61.980788352644154,11.341302574083706,100.0,74.02945802561446,84.65878921646573,7.6580810027550115,4.74123668484763,Medium,Yes,77.10858373000617
84.45705133482188,20.91437997407918,48.91649471232037,77.55287731029192,73.9415078776647,9.081818915432791,2.2536319750254314,Medium,Yes,70.70425897846779
85.99651365087641,14.615169920442044,80.73071973161866,75.8721662919521,65.758506056734,7.3795175490225455,2.735380043887824,Medium,No,80.21713951287674
100.0,19.350574721087984,68.15936599606414,81.63778987655051,74.93602827821485,6.243463720530023,0.3905228663047007,Medium,Yes,81.86539251434594
68.30594718878629,22.32620217315212,72.62817128362768,81.03293768988978,71.84600265343539,6.304869448229279,4.607370412730747,Medium,No,71.82009599346746
94.84322398476584,14.800620056133235,100.0,63.383450897877054,77.876938935504,5.726784042652731,3.6875461651374266,Medium,Yes,72.59295114852017
93.40643548988724,18.935404659178566,49.47527441750785,79.17073936564262,65.33503023047633,8.023029382330103,13.648021876210791,Medium,Yes,73.18054598988077
93.12525822394198,12.825354351581208,73.98043524099442,56.8263562898308,49.86148276847845,8.092382130648208,6.720284150783926,Medium,Yes,64.31897649455802
99.46977884353733,24.673323769532544,96.08277027779997,64.72202115108962,71.89992721689885,7.46275669902717,2.650377098738035,Low,Yes,76.83250956534368
67.75082167486967,25.415782818991495,82.44212262897622,67.99680808384794,66.807092240048,7.2919308845419915,7.916012573571035,Medium,Yes,73.4239424784679
100.0,10.871097928933658,64.37205429514094,60.15088034132913,67.37098307565346,7.364822975288443,5.365849230334173,High,Yes,69.18890509810977
92.3846657999541,25.103566148747213,59.579303033664125,82.32259403507067,79.6734046485673,7.7989149793653,9.816340408626512,Medium,Yes,84.738292340534
85.77368307647619,11.614514408055669,62.60315766400342,80.9543902483598,70.77475085957823,6.7454881960762885,9.831975765920076,High,Yes,76.8895585166168
76.91701714644849,25.956058281281617,73.9042075987433,66.26073357112064,58.61752209485444,6.531443312913323,6.2890081929516635,Medium,Yes,69.13564179964925
84.27171087343127,13.652201100017852,66.00021506148377,85.72437227266933,72.84662622811013,7.456570552729276,10.66848315201319,Medium,Yes,77.00200094271733
84.03940100275351,5.388205128616988,60.52633406252003,84.87935898813247,83.25757201175169,5.514219667286992,12.669027366998137,Low,Yes,74.3888078010058
77.27174785462428,,63.44920395939107,55.12052150786671,77.15083942112625,7.549157676164931,6.0488941936606775,High,Yes,70.8647412911226
87.07687687163111,15.690156474884503,61.63865420337518,70.05103418140223,65.03694154029785,4.19211411535594,4.184434335387486,Medium,Yes,69.12029356431916
78.23077999694041,17.964181117696434,60.12825266387115,71.53741564949155,74.67890720446712,7.609992278343152,4.547473412731688,High,Yes,72.66444583037786
84.83577103927247,4.899370846674298,74.38289092489559,56.60759328132083,52.81151294622884,6.219110238702792,4.796696175870805,Low,Yes,55.39421927492174
81.78614158347007,13.18518188107123,70.7466053077144,73.21236828279244,76.28117844544975,6.238166891874551,4.220772647318039,Low,Yes,69.5461976372686
78.88482197008052,16.13748969959246,75.7948497671734,92.14629249376281,75.81979512965064,7.17852602758998,3.9752437556586555,Medium,Yes,80.4885458953396
84.43054376278933,12.38708177658094,71.85321543933374,73.72395596962421,72.72476076077083,4.914066655187234,9.43933424586983,Low,Yes,64.10493543178806
86.70865438127942,9.387367787732428,99.43880785796192,67.53558233334742,66.4657342567163,6.66244639386003,4.003444194118537,High,Yes,71.11810892894984
78.07090404739346,14.406662080853144,77.83771157898636,62.096251283409146,48.19569733248993,6.99705277722862,8.714912277117676,High,Yes,60.150627556110415
95.49009225836889,17.93512278088598,86.3647063777895,92.43140094583416,70.24992801796165,6.939409431435772,5.412585914978797,Medium,Yes,77.85062181583842
94.17861947054776,20.001173769653548,92.66732395371021,78.5779015918863,77.11121576635152,6.553711592044051,4.568688266234933,,Yes,82.05809254657856
85.18433933065393,11.784219329315711,85.17194553112535,80.96248308609117,78.77974655324023,4.550063068526098,2.769634639606816,Medium,Yes,69.22691352980155
85.35263551971728,7.654210582263806,81.14023627539584,97.76746433727735,100.0,7.991579997698845,0.9221389359487482,High,Yes,92.45597786688828
77.07127167737656,4.435423445065094,92.30869233003891,99.63566429401996,92.63224503591233,8.879383712366812,1.9828377460229873,,Yes,81.42094652361536
75.1039517974142,12.316068626047493,91.05054955187786,64.98812345410101,58.81979557009566,7.593373288288948,7.4941347336470745,Medium,Yes,61.08263856703619
70.14439626963028,9.652846647508277,82.212276431774,53.48272256958508,54.96038161631246,8.020995850330745,6.714116678881911,Medium,Yes,57.47915555492655
100.0,19.760932323313277,53.46561775245365,74.91546017423335,65.57068112496836,6.798236415066598,13.73343899085743,Medium,Yes,75.66128302602368
86.30740577286092,22.416559051262624,68.77715990347531,82.75787445270925,87.22461196480462,8.068963871177397,7.975909528822579,Medium,Yes,81.54167378071392
90.60784526368235,12.423566753248483,67.13644312409052,80.10533837021006,65.17165279115274,6.58780702361974,1.6114254014847438,High,Yes,77.0688348296914
92.87084603742451,28.74565543554445,73.69757167648007,80.47085034204844,81.12786559310223,4.710431954944358,9.486097544351736,High,Yes,88.0113842555247
80.88123033877532,17.204193040897067,78.01943629183653,74.61263266740636,69.2241833799774,5.458886530666531,0.3885353711685813,Medium,No,69.52314170910174
77.21695274597687,26.029102060770736,62.72041246948198,47.20627364437348,53.23783225917898,7.1369939177536175,13.135690380807077,High,No,66.59094330855292
79.00624977046228,18.219916515163717,72.65231308209097,81.83712428638377,88.00528565258661,6.723212096938366,2.743957322833777,High,No,83.53109689819085
77.9565630945724,18.808328811370618,100.0,64.00414897111897,71.4656010002185,7.270044348981475,0.0,,Yes,74.41523631551023
90.76556963055766,14.274311108353311,66.53700439232847,86.73378659623441,76.1019532970179,6.980039148568563,10.148725622596201,High,Yes,86.72854614823858
99.0934744018558,15.461111297752609,82.67736956776483,78.23153703096881,72.92353699008606,7.5223122972531575,13.335586184097501,Medium,Yes,77.51302839669077
79.37533224105732,25.170306242584516,58.80132480189641,69.02914993937752,58.57233919833584,7.002909617961562,6.1340988095543505,High,Yes,73.40923783862618
89.04050856814538,8.760564437246815,94.64009429883944,79.33700780727723,77.967140050223,7.441983486155106,10.251414772132865,High,Yes,80.62456986718752
80.91924626978448,13.31203465729072,63.87848741259669,75.61993172221295,67.22754790354793,8.028088411603935,8.828925495217106,Medium,Yes,73.87692714928018
79.23096344337597,10.4794927779229,85.52874002085629,76.66872478384101,79.52110171385209,4.586438721366375,9.019835064567857,Low,Yes,67.5100148307853
83.61735698828815,20.547802097476612,67.83221993926723,64.67537987064597,64.96073102006133,6.6559030699393755,3.47627666504884,Low,Yes,69.02592931280509
74.29915233673847,12.782337983738197,52.78462915276499,85.96168478420888,90.57379754797196,8.200323845804817,10.332580850642938,High,Yes,79.64597868039031
82.52822617479403,22.13348022884786,71.08055291925618,51.29414674539435,54.75788023418541,6.002031869650734,9.783552626218558,High,Yes,66.03940329224797
5.0,10.51672992511306,71.28530742105039,65.91883227580888,83.33358872148443,7.1684870480761775,11.38439917805703,Medium,Yes,79.82608934144993
82.80328112162488,12.908087193552845,70.00791938284895,89.40637990168648,88.92107617892111,6.007692581287157,12.194557180096147,Medium,Yes,80.48814612699934
75.62174960084877,15.243550147223294,77.08609416820566,66.87605833849763,60.55008807511827,8.192683329188908,12.328467005214268,Medium,Yes,68.39211736133215
93.22544912103189,12.100881226203756,85.90314861248319,75.70781065907516,64.90165925052507,8.05888108940501,0.29269369287463043,Low,Yes,74.83958002961585
69.29775280109544,7.079864932675765,65.72686759945493,80.65850856501847,84.2872542586781,5.636586283770306,9.28826431213011,High,Yes,73.17123511345095
85.48521627944827,15.530441317751084,49.733884506879676,81.00288563323883,83.27965170477091,6.927472790662889,1.1071190797522803,Medium,Yes,80.70551667757452
91.8605145999844,8.3807498056699,69.06713474501034,91.61438457112688,75.6868288279581,7.175881497876418,12.003372121121513,High,Yes,81.90514824931068
79.69742381627559,18.393057873789264,80.2307809856893,40.0,60.67651511187974,8.371248863227136,0.0,Medium,Yes,61.20882810030544
87.24092481810416,14.836172762940409,61.96297805421553,68.68944388925755,62.82630138262644,8.8358747701587,5.014658875280607,Medium,Yes,68.60467750270143
94.68644990532889,,74.50711539416243,84.11654754581002,93.08662615477765,6.353071820285562,6.374093985754439,Medium,Yes,83.91651003671183
79.36275447196026,16.022497334252925,60.09518290789829,96.55632987512357,84.41592599016114,8.124962663985565,5.819508438703793,Medium,Yes,89.1397399867809
86.46713686433323,24.591883023028302,95.87044974641663,83.52658922757342,67.26813823460267,8.49781690355969,1.4973801287976602,Medium,Yes,74.90407806876509
97.01213922163944,19.4210633825546,56.56980516455464,86.50062983810452,88.46903399055384,7.237789874714395,5.9125730102315055,Medium,Yes,87.64797804076535
87.32049937357637,6.090612189300579,86.45729067630543,94.54162265726785,86.45226965860189,9.209831607496877,6.302694162453545,Medium,Yes,78.79307681970388
77.72862824175131,11.329385454568287,66.1573037125693,53.026261459939796,56.87605468326093,7.742481405911605,9.488612422736221,Medium,No,56.14586220514081
83.85263558533102,13.77851783938583,78.76619470708727,100.0,98.9206759973172,6.189080843848409,2.2430338372719727,Medium,Yes,88.84842695787633
65.86719755342202,10.864873091462593,55.90145348336703,58.234581778644106,62.751007340524936,6.914780019646819,10.376718190085903,Medium,Yes,62.77404601441609
85.21003841632759,7.128982605899043,76.32379915921683,79.99735245721743,86.05739183801637,6.887629150474275,8.865360322161642,Medium,Yes,77.85232556574306
92.56988616645351,13.902621353370959,41.85170940937189,65.112774156336,63.41933670593288,6.974157073472615,0.84207765116125,Medium,Yes,60.13694187175879
100.0,24.369067180361114,56.136502835975435,75.93771675563578,58.829688831548516,5.38496524164135,0.3110814019751711,High,Yes,78.12926207157672
85.10233061019586,13.101549301831188,70.51228626232037,83.65362435054698,67.76017383262439,8.038703622096946,1.6723425251474682,Low,Yes,71.97128116933122
93.2206015999449,23.30563691106311,57.83713733184493,70.32091552128665,66.25088007246958,6.595716457310739,10.543791383775288,High,Yes,75.54563274618978
84.50536290347567,14.228774931366416,74.43436733120643,67.62812227084447,59.27591629841063,7.630013413291204,3.455105149392281,High,Yes,72.19779470745698
66.59125768668355,14.373304688775171,76.22298250542866,66.42383187611482,71.6853941176816,7.606028930323152,0.0,Medium,Yes,69.32646327557043
58.03113357058429,13.877134409972708,64.44237852114956,78.10393377426466,60.745398920315296,6.470917449864533,8.211620914397926,Low,Yes,61.77691896102207
85.82283989275425,13.733218567033834,75.90695947324377,70.22784367662476,75.43555354925564,5.700215592492763,5.990524335468768,Medium,No,73.32359190905238
77.43649254715697,16.348108354511314,61.7566429613713,62.87282136085304,63.67172269331803,4.338831853457105,8.812560788944197,High,Yes,64.82086975920448
87.08382807947552,19.80245715136609,92.74591082880359,54.72980354439286,37.31729983688474,7.845321828442181,8.352306700671328,Low,Yes,52.008006244040885
78.49357430878173,80.0,53.72274210163303,68.97858968626161,66.14433580310451,6.619659432533476,10.261505089038412,Medium,Yes,69.48393379016782
75.81348053515802,16.399296787581008,56.133010178056686,68.66043544004425,56.198940536932426,7.056456450757475,2.997081571977605,High,Yes,73.35848438016154
93.65755194170121,8.911459615842798,46.53637582433423,87.70474235860655,88.38020778619502,7.985317232526746,9.71572805412886,Medium,Yes,82.60479301222244
64.61875464822145,15.401944303349232,55.062769078146566,77.74889625846843,82.94891381525741,8.50525251138944,11.900449457239421,Medium,Yes,76.37718276106966
100.0,23.374102864739736,56.354748745272495,89.30279201296287,72.36715714199985,6.023925237791263,2.4048007590246496,Low,Yes,76.03030414548668
93.71124703431693,2.0,56.11863060910619,48.72093954025736,45.141331092259534,6.450587453893707,5.226783094208121,Medium,Yes,50.36600029554858
86.9652116970147,18.126734570276028,62.06533437903977,75.59169997824267,71.68074934430877,7.241865536507291,7.995532779072851,Low,Yes,72.33367096709745
82.59674601841866,12.21229621620964,77.03901384712789,100.0,82.03863196813505,8.706174946049885,3.93637874747064,,Yes,81.25064197059538
89.56753219153784,33.82649120195996,66.4516706917158,72.125976935739,81.08908125410395,7.923096321574009,13.224356471347846,High,Yes,92.45788580392248
69.85152775314135,9.189933270818187,78.8282990465608,96.95544242059304,87.23757956330263,9.27740355812076,11.114300671757498,,Yes,77.96992362024054
88.80197851005963,5.971677755813987,51.951987169162834,62.48906766395309,46.83563108870264,7.748789137304119,6.231456189707026,High,No,58.22174663264354
83.15097863557011,16.07749069163759,89.93399979303115,72.32735159068072,65.93783757137241,7.935348889899948,2.7046525214353836,Medium,Yes,70.1460847967123
82.50963960443622,18.889682603063154,80.82343757689215,59.58498881160037,66.85011769236802,9.164087954196768,8.463868024187352,Medium,Yes,70.73769182226374
73.70948228782771,14.854826361654503,65.46931750765204,70.27764172836325,63.430153446505834,6.789813815704638,7.072201710359013,Medium,No,64.3640912542651
87.70456825779839,8.14986531519897,77.22799092577738,89.64985558575657,70.88496502697215,7.3626760996976515,12.204981065710918,Low,No,76.06808693428911
88.31263431403563,18.261600927566594,73.93841993502888,60.57420568708693,72.02181587167927,7.03378530647133,16.56804764197048,Low,Yes,69.20580452978894
100.0,10.29061012150656,74.55727893407314,66.39580621046477,74.93509307295463,6.996177170786724,0.0,High,Yes,70.49672677109652
87.89774856896413,14.871796233909382,54.791560715611936,77.79344091528196,63.75349301175405,5.945364617191137,4.788459024804028,High,Yes,74.20323775849599
76.67644426895771,23.354791800385975,59.23121663878597,58.25052957369018,69.48283714746715,4.531710998475364,6.60562956249911,Medium,Yes,69.01996248010654
77.44617067646678,18.006565019639073,52.73478874570739,77.14171996662468,63.137940984823175,7.442736489145463,8.072875801781645,Medium,No,68.3497798749452
100.0,3.037586144571268,48.23236464922662,82.66392202371723,79.96008771923,6.6398894256582714,16.5515270090408,Medium,Yes,79.77617810884274
82.74223699513465,11.557799976368525,74.16065406937288,69.44206365497521,54.37261818964342,6.317859839130494,7.596912771757308,Medium,No,65.79072060896556
93.13509636000639,18.346861838111174,77.46614633637091,62.822886081769774,67.81037057127529,7.426170913221724,8.431361354940034,Medium,Yes,70.1525062419736
73.02122107411151,19.03908810761975,77.08003406378911,60.940147832189254,69.2786218301172,6.955846630703634,6.4967027389784535,Medium,Yes,69.11636757749201
75.25318329772679,2.0,53.32813064594452,67.72195934141112,67.53365797442463,7.527612860993263,6.573706267429973,Medium,Yes,63.810514490251904
86.9905969557347,28.915977239890164,80.19059924434755,89.04238451035924,76.345293351441,5.4354125385225,9.640863134658982,Medium,Yes,82.99586373283049
96.17295831588127,23.246628559024906,96.21044796873338,67.66337703133647,53.47137661982562,8.229766885120819,0.0,Medium,Yes,70.68752166712498
93.56398794323472,6.995847030490774,76.93258999122914,83.54786591496195,81.1190142600212,7.1504487755912605,1.6944752503917666,Low,Yes,73.64449906475026
86.50393786476208,16.795755482438953,58.62256997949896,68.23263014330108,63.719221173410524,7.22783517426885,11.071841948412356,Low,Yes,70.3530627522112
81.90827876531361,5.495184341967061,43.356304998003225,81.16337357077316,60.85542181380007,7.364095976879077,5.49386968101176,High,Yes,67.59271868573192
97.7767682189851,27.990014069406506,56.237457684786044,65.01526434180172,40.53007486433181,8.25140871803169,7.325883585323581,High,Yes,64.37183562150848
99.79944138890026,30.349195714009515,59.654083389037396,72.43851864779474,61.13127350330419,8.425947580887646,2.3734058193828287,High,Yes,76.5792028756107
79.9305682462887,22.143877648718046,62.10947735998629,89.7600068726298,93.0830963366586,6.526394404269353,5.339677739987816,Low,Yes,89.07528064452057
100.0,18.308912256242806,67.05300124857854,68.36494995159238,75.82248423682208,5.251940964070508,3.4831514018822305,Low,Yes,75.31203330232213
90.47097381170038,21.515373394989467,78.01758472720826,96.13425749840849,85.32476216891703,6.289235161315986,5.726214029334337,Medium,Yes,87.97829756536579
79.53141058759608,14.291588838053528,56.57395236585093,66.26307482573614,63.55197198856297,6.093104418187256,3.479002819982255,High,Yes,65.56031517634571
69.49336568933867,16.928143292701638,76.57713608214591,73.92919014934262,69.31982111573117,7.723206930267096,7.207843600687059,Medium,Yes,72.9330643297093
79.56575228866235,11.353068077433406,55.77477993663699,78.74853852559886,70.41081975640802,5.425743675601441,0.0,Medium,No,70.0768798942637
77.01702755461547,13.710473818267587,76.87580055327226,76.89313727152523,87.42635509187079,7.449987010350711,8.666511533827563,Medium,Yes,78.41648312720386
82.65412866624852,17.078930855387956,82.26834487037543,81.95828742354159,78.09359085032199,7.281686723098345,3.1277408655269427,Medium,Yes,74.89373280559678
99.51143607795042,6.768593142411863,72.40027338779181,92.41113057935054,73.7665794020597,5.884535610157722,10.475578391722678,Medium,Yes,73.08758998073598
88.28751109659684,16.43273495415908,67.78329521773793,89.62764947752396,83.5373694748541,7.806025305928521,0.0,Medium,Yes,83.69141151945038
79.46350694652818,22.738516524496475,77.495276654544,75.22582859688718,57.14295752723174,5.956428903151476,3.206952604994431,High,Yes,69.57165020566929
84.87753227153085,24.184504994062184,65.59049578503726,85.96525945662702,86.98930488539197,6.553486995184685,11.2727882689361,High,Yes,83.26568442034183
81.84730755359655,13.230301930247833,62.94936778360748,83.82746396694895,79.13413954017179,7.632472074021696,2.4256199451235183,Medium,Yes,77.59877322460625
91.14166700043425,25.01942702610844,58.550708437321276,70.05811957243611,77.5414770248808,7.552245035962369,2.601116314089215,Medium,No,78.62557673791592
75.9061254520526,22.12218183336228,81.76906431847036,67.65399699414215,65.9846882380107,6.676613470191018,6.591023629600514,Low,Yes,66.91266580566497
100.0,13.917120518456246,78.98191584342865,83.31426906981373,78.87862774731458,6.586812995765127,9.069917378216523,Medium,Yes,83.34070278668705
99.65648768921554,18.137012928212997,70.89898945399493,89.40314099686594,100.0,7.13051070014771,6.997803783720289,Low,Yes,90.9753478701343
79.7727697948096,17.103780595641354,75.80212781033804,87.78206358857264,71.51878450114539,7.169407045697761,10.764362732584766,,No,75.80068169579229
100.0,17.86224496333873,88.54196082709326,95.43017589755527,79.75383877217986,6.9363966571788485,0.0,Medium,Yes,88.26261049861493
100.0,18.676643430375417,56.49068898028197,59.482301474896225,58.69518597606278,5.964033270267677,15.3513109815532,High,Yes,72.40322493347273
99.41273289066116,21.547860723565613,75.21514725307505,72.41198834942841,69.36702595558441,8.748910108946914,4.5506097698155905,High,No,75.46725956385959
87.029230208513,14.194147551176712,62.03178558088602,69.57660753705747,63.945670835891214,8.692086956624594,2.6966689070478096,Medium,Yes,70.61354326083327
85.74094780419775,16.6954797029298,64.45709606749962,85.66844546735871,86.92655021808895,6.464420074475173,4.695065182234561,High,No,77.45562387699884
81.57285483473231,27.530248228684364,56.95505378087958,94.79377073188705,99.86636843645232,7.497990171019059,1.466315926829508,Low,No,93.52352047806708
